1.2377272495838,-0.560212051714702,-0.500147795891116,0.357755555805108,-1.04396910761234,0.633791213633161,-0.0294734652877387,-0.382207149870114,-1.21297636325599,0.1273036858596
-2.48054342466623,0.24989229781875,-0.457969819771075,0.284582404393933,-0.442161745948715,-1.390335466051,-0.366833275005376,-0.649947818748336,-0.599802106810997,-1.08158616028718
-1.00475838554159,0.740554496412356,-1.20825380484847,0.154994211097862,0.674423787502775,0.564412285501048,0.350077396357528,-0.117714274595115,0.174997101510529,1.75825211100614
1.22574263545066,-0.170257477223673,-1.21928047805238,0.364401511969205,0.232316230106064,0.628295062032856,0.625958628682776,0.529448341634148,1.07270827266332,-0.12040901654415
-0.146394351730949,0.190733746017633,-1.64068612091465,0.505473125462908,0.857881587953853,0.50912956269353,0.678053555280955,-1.61188077322988,0.167879044784731,0.304171934367165
0.472718257487027,0.444350914357645,-0.417587250665119,-0.418606298307508,0.551888922771034,0.588614006289521,-1.04927726665437,1.06916695408446,0.887120841930754,-0.637867748361439
1.50919088719902,1.42503952766195,1.11499703809348,1.84734455995539,4.10988375463623,2.2294668667866,1.56085512817474,1.00561075540981,-0.0260771790112526,3.68034610901891
6.94429189607508,1.27495514135869,-0.831330586149143,-1.33048845034137,4.13449904984573,5.04459842746827,1.35732061077422,0.604792984489051,1.66378940451664,4.72924698186982
0.969583182055318,-1.84767829385664,-1.30944045874384,1.38801762090651,-1.8414686402051,0.91865887292045,-0.193369552551713,0.559694084510812,-1.1984144893032,-1.02818828479573
-0.0575565387750001,0.362457120229327,-0.0961419530261921,-1.36757252047243,1.89431152564963,1.12550263755134,-0.189216862566532,-1.00778199411225,-0.514398179389633,1.92129824919907
-0.513029827077951,-1.53070288832685,-0.0200143177353967,0.0294496929717561,-7.05072522984559,-3.01603410331836,-1.21104913617236,1.12928672217811,-2.38794705701378,-6.27798743691012
-1.06674461551674,1.05581939931731,0.0281008423442861,-0.284201784960655,-0.294908622971511,0.816131631706287,0.95167671185747,-0.506557304902244,-0.695962216249834,0.45902911031143
-0.0496765321844493,0.906623460853237,1.68893632278622,-0.882638932024905,2.29107927182209,0.662667423821171,0.287601387902852,-0.444058226775133,0.66410978686163,2.23363489409198
-1.16341709689653,-1.09278931942089,-0.808344812444963,-0.950088406743719,-2.1253141101631,-1.22850479282162,-0.957197109312528,-0.153342615125811,0.10323623405265,-2.99735864964923
1.80730497014893,1.38775392960644,-1.08300954210693,0.269994106696813,4.18075088723158,1.73321464485009,1.15958099365729,1.19473258950621,3.1959298526247,2.96271626627459
0.328573098251454,0.563304362668072,0.186745428477459,-1.59508469318046,-1.86953222642901,-0.388271890194128,1.30773454635988,-0.933331577968792,1.30993468066835,-1.30816476282887
0.302369440517652,0.200489754878348,-0.66904554173599,1.38315291932741,3.52855512317508,1.45037471387732,0.537263301039334,1.21194660220641,-0.201464163769861,3.30623411476013
1.69745406221811,-2.20330459912812,-0.760434783801047,-0.292227139468725,-1.73315066957138,0.866906260933143,-0.258761398901471,0.736882910729776,-2.2699379296409,-2.06673244630545
1.86932680630155,-0.774053656524754,-0.713974782166368,-0.370595813817609,-0.199393968053417,0.77075330388019,-0.562593247588097,-0.660042484614694,-0.202161908578444,-1.57656625377507
1.29228045079813,-0.843437739701257,2.12814965623057,-1.07465076288553,-0.676404912584457,0.0663371412083556,-0.0143071338739294,0.324038175613239,1.1292215857728,-0.204919244575085
-2.85746067077211,-1.37190134630974,0.569426612631606,-0.457889665448683,-2.88878618343153,-0.764646150770875,-0.88304834440716,0.833902562869372,-3.06262353555784,-3.41418355876415
-1.06471336181799,1.10386436086447,0.0798955367792033,2.49351153140027,2.66987286063874,-0.757102807937622,0.532577487704447,0.25450842124826,1.56452251329942,1.2984991601666
1.0341413315751,-0.147117812526564,1.61204687712987,-0.446687339378883,0.0624785031648344,0.49210147917632,0.0567925922833069,1.45850063642354,-0.193324180854883,1.15235286296065
-0.646746195173058,-0.242490135163877,1.03588228783202,1.63031002090929,-0.0989307531744275,-1.10143019302304,-1.07424661321125,-1.17672538017685,0.0192922022228967,-0.413201255882591
-2.09715030524907,-1.63055364755407,-0.741934155333741,0.200934147363714,-5.77227583104639,-1.75952867783862,-1.18648160453013,0.845636160412965,-1.05490876065285,-4.47414075390207
2.71065485420741,0.902595263929267,-0.00460895134400798,-0.180451215770219,2.01425469229831,2.22749986572176,1.00063658741242,0.731686253449539,1.91655050118834,3.12857065946309
-1.33811813602064,0.294890323133892,0.463106034990595,0.080774473493359,-1.14079250905395,-0.423973458241873,0.145632014259751,0.943613355275245,0.190368132591177,-1.33533443829947
-1.85729336165622,-1.63083407385195,1.07149798697356,0.174844909753592,-1.44453735249425,-1.73948110165459,-0.796740243968931,0.311952728503825,0.163509443987205,-1.66426087824619
-1.52333988461513,-1.94572087260966,0.445441200212228,-0.163330056459956,-2.4783812946449,-1.71090202021913,-0.700565362726545,-0.237178326063649,-3.01657265884108,-3.67206387303732
3.09619560306255,-0.739425423988785,-0.252340126976523,-0.428369302807684,2.38630144790172,2.20283897438507,-0.131316570099458,-0.966711664232839,-0.209846308615722,3.68965780699005
3.89127743229176,1.90854285051867,-0.435893816096832,1.58198296805082,3.53976133859657,1.77520646883357,1.30039782782347,0.346097864810649,0.881669293767324,3.00871730729694
-0.755355894080036,-1.52618350795389,0.407951096858352,-0.546318370728076,-3.59437051879058,-1.91478798125769,-0.947940426307222,0.915808934587374,0.138434577075125,-4.46587958323475
0.951404052495321,1.12392158338923,-0.598550395450786,0.296118363046938,4.99682781120079,0.354123982538434,0.64679534377321,0.155126384131462,-0.345954607628434,3.12050712800062
-2.9434562719616,-2.55514172372829,0.164623963927647,-0.0852093500853347,-5.45192443607636,-2.78120380931965,-2.30313240447089,0.623050493257792,-3.19538030279295,-4.60068675539876
-1.3757310370504,-1.06114872566559,0.593095372250007,1.03627364405959,0.902590399106146,-0.10035455654761,-1.53852056175806,0.57250881827322,0.23594844200989,0.129046710555388
-1.92065704881262,1.09069555162425,-3.29741603884807,0.816021775007159,-1.59147731911012,-2.34104951019673,0.0949884739928992,1.05994740165629,2.13555144035202,-0.565819400716203
2.23832527244188,1.22699820054931,0.159744559664218,0.179769734209541,0.845345009532334,0.669770730634031,-0.093245232574384,-1.28070628092725,2.29490767819715,2.58067342405031
-2.57509811113142,-3.34147882409367,1.38036530554564,-0.418947882686131,-4.18722287287655,-0.438796099695076,-1.09655282822269,-1.36938996011015,-4.08382259004981,-2.83094080998518
-1.41854832668663,-0.624292247454521,0.542908648112891,-1.69668685820926,-3.2746636140208,-2.30202374026649,-1.4617875961566,0.112049301493683,-1.09516620513429,-2.93213091362432
0.172585273234691,-1.18480497838408,-2.59362963152788,-0.761164657028557,-0.201223770921529,0.628605758306601,-1.0233801878135,1.65127530134816,-1.26644664115926,-0.0620777315484523
-0.41902891655739,-0.0590562858756519,-0.859030923754419,0.395860483096575,-0.86826997429479,-0.53501196493902,-0.147847617751731,-0.576174270619877,-0.216521946737928,-1.36446664369653
1.55996585057927,-0.655428372331575,0.450306007801307,-0.19306917535717,1.50315786034256,1.8415519865109,1.08074862308598,0.405025243830108,-1.6034473662442,0.861284320076428
1.76173911504024,0.298010107906283,0.902701666526654,0.715444671120643,2.64828847704421,0.95098342626008,0.961445773452243,-1.80815010637177,0.11336059071753,1.60481101214087
0.436785980117883,1.4022819777305,0.716843895302451,0.255070397566174,1.63146483456003,0.979182450553785,1.83506238095626,2.76673504424824,0.97560042012897,0.530629888914074
0.470395888069609,0.932001692411936,-1.01338719545548,1.25876966083672,-1.59314784952984,0.113285849222296,-0.413493443635163,0.0473340672875626,1.23573594607823,-0.616708323694617
-1.46994738154595,-0.85061581707318,0.894679339863673,2.36663229094784,-0.400807891744371,-0.575030057753004,-0.398995883852599,0.786767458573066,-1.13856984489894,-2.51443829573576
-1.64711681118666,0.562804855921119,-0.896345511001315,1.44697614513946,0.748922409124777,-0.414982644032999,-0.351600864699628,-0.406971253327832,-0.560184285947973,1.77418369248456
-1.18219625129869,-1.53440557121754,1.29859310656489,-0.0326809008709761,-8.41828786299269,-2.85010711388398,-1.20647322181167,0.794035735331726,-0.631413403308567,-5.47621230707665
-0.0297951104646282,0.337855547371774,-0.753598359363843,-0.973397049556026,1.77162080605713,-0.881518896181097,-0.175581924094111,1.92990888153133,-0.626485063612351,-0.402903863782146
-2.27583216634105,0.194266202305462,-0.956158670930251,-0.616328349735027,-2.24583295372332,-1.68193381819156,0.312118888493553,-0.015458945469377,-0.27024686005442,-1.20663588852392
1.6872806704471,1.74984739057227,0.945610082288406,-0.938332979692176,1.30466009609397,0.157485924029372,0.0818382720898883,0.392423001820802,3.55679048736658,0.804196131485332
-2.82241909274413,-0.70400416308282,-0.555157445277924,0.663799830916919,-6.00164884376449,-2.71252566512808,-2.29665336817813,-1.39369761447956,-0.597352278486708,-4.98053114351568
-3.45079372250921,-1.83302495536299,0.907099887175894,-2.14846729999042,-6.96799400600578,-3.97810463224421,-1.48066681227091,1.63271665345228,-1.11539357094574,-5.26815233601848
-1.22469291717246,0.731865281031653,-0.746658944226581,-0.0267148151774083,0.793261741183191,-0.706459058190681,1.07054278085047,-0.639151516755183,0.532054000573357,-0.106673298321235
-0.434090324508465,-0.633710438061439,-0.734470063337834,-0.5964791736554,-3.76900613625309,-0.086734469593617,-0.485036686669297,1.86265566801596,-1.9504499850225,-2.94693339409931
2.02414995346425,-1.13287607935035,0.534200566754913,1.11559099587097,0.734447960328348,0.345542191401032,-0.354163704039459,1.20657469045913,-1.50363619841445,0.272734095852459
0.174015903093907,0.955677989104244,-0.124943037912099,1.65988706993226,-1.79932093253345,-0.655677301720064,0.1657560355956,0.348387894624314,2.40962777008766,-0.000946677757969694
0.998345227194346,1.23242587312868,0.633724072611175,-0.424995273257234,3.45302068246133,1.70812092385261,0.354771426858914,-0.0903767723232283,0.66558190425257,2.99543753860421
1.42453346191784,0.023585784481213,2.28996016904853,0.237364750889819,1.17831078789474,0.65790318459668,0.859828222372428,-0.146109561752851,0.70761649928461,0.591869091291387
0.327472518946641,0.835857316336593,0.161523244161777,-1.26865246427148,3.71783896330136,0.0401709486671986,-0.252971195157245,0.126864514370911,0.921868485975962,1.78635412099878
2.79109188236049,0.955605640131621,-1.444109145831,-0.670253369157618,1.1880751222677,1.45653397980927,1.11298681719184,0.750233650820335,-0.516071891444392,2.0971759653072
1.61923804669974,1.76429318592496,0.569279491233704,1.31157959404032,3.35849821430674,0.540747782183901,0.475571886257812,-1.91372735864644,1.23144780479715,2.0158132101948
1.67724324469576,2.42143176358815,1.44679761160689,0.3588223107338,3.2918357642347,0.943225742979141,1.45189400019216,0.59673169102967,2.98380445961246,2.60064075914314
1.99773039557112,0.731227987512756,-0.0541537399015081,1.00160209552056,1.87647912862435,1.03324495445412,0.282530010832136,-0.279890383097861,-0.451676864318772,-0.0146509876884866
0.909534442762352,1.05084209279376,1.64128095351426,0.506772699827033,-0.87639704632165,-0.483220567634532,0.67651714091337,0.597267263750708,0.204863099556729,-0.230518788434957
1.07590582118391,0.168147913248273,-0.406779722830712,-2.30367694535689,2.26077082345911,1.73549875451155,0.895273468015685,1.20929626565936,0.424182947769595,2.6896676070037
1.00837281758123,0.988786885819888,-0.422753003972439,0.250218391006882,1.58404277927152,0.37908915578745,-0.0407536301642713,0.13082833869229,1.27888026217786,2.04085712169733
0.694683252172497,0.186966756130631,1.4183236009421,-0.286616990564282,0.434427302234622,-0.0351908437306527,0.203050329647501,-0.694610143004472,1.86150032017693,0.639045410185529
1.59996081019889,-1.55952704402976,-1.56448241946338,0.2438830182313,0.220725692875123,1.09612246190474,0.143932423921673,-1.51513628277705,-1.85831663885672,0.231374119973515
-2.0213655864377,-1.26279573487911,-1.29962099185726,0.355120781308778,-1.28062812940056,-1.0470968318356,-0.0668777740230832,-1.60621563142488,-3.50060718906726,-2.22231046572608
0.647406515989481,0.0160733384634429,1.06780550996148,0.117559467425627,1.80407044840348,1.35565984762848,0.708597193728882,-0.745707468934549,-0.329852984202335,0.788722364961341
0.340007593319697,0.116837640924725,0.0409411681535977,0.608334519103522,-0.0351943710616157,1.11544172086866,1.06579868448466,-0.295165781899031,-0.126612086117838,0.604913971505571
1.01264694137307,3.00098630479479,-0.473049870737386,1.77970654565227,3.92643902318537,2.08624000571619,1.27759566342778,0.0502141241880246,2.82985039527189,4.64360062662633
0.614046624081568,-0.0190481479093416,0.571966308667033,0.542374856970051,-2.51381993762392,-0.293509697011445,-0.344204513116366,0.648866239109332,0.834159727492053,-1.27936002961063
2.69942247101893,2.36727076382897,-0.463163936568798,-0.283271767134062,5.83527178465651,1.85757291599418,1.51800714874052,-0.181041208883861,3.49464470931488,4.86225182720675
-1.27076910054895,-2.60514748420962,-0.964057294959489,-0.196993082764991,-3.50585772767992,-1.28116333471986,-1.01315780332263,-0.0872465118589948,-3.55295653168134,-4.33665989753624
-2.33947186682851,-0.974671542617748,-1.41974115251777,0.582806086944164,-1.78582361658557,-1.03794548456434,-1.66043305465807,-1.3381743240349,-0.0800469263279838,-2.37718578198532
-0.319489483549404,-1.7608043662266,0.154638809626602,-0.916512761474015,-1.2416054713483,-0.0435137252812177,-0.566258399300022,-0.190138451924777,-1.09863058804742,-1.76476419880514
-2.02866731119264,0.152332726778464,-0.072690136834932,-0.455450514530232,-0.102595974652623,-0.578448118489468,-0.444774916559062,-0.430849759165857,-0.101402304649275,-0.00646980639108063
-0.816430030532037,-0.50701708934095,-0.766734274645292,0.0152792304223318,-2.88565439985353,-0.477519592874681,-0.972361492104733,-0.152736341881622,-0.766115840988044,-0.986160658481263
-0.534911109427803,-0.628273702474314,2.89144839051863,0.140993017312601,-1.96574684822908,-0.33479703537405,-0.139604787919844,1.15954336951078,-1.13659652461792,-2.96467806160206
1.69777075936398,-0.84025675870646,0.481369854452756,1.61613703589274,0.942731484272885,0.535819902965591,0.835142441337889,-0.967104436112468,0.321253547749053,0.545283221004926
0.770134099423028,0.927169122243436,-0.591001964600762,-1.78495819298394,2.44086897543393,1.01777532840531,1.42463160684515,1.72644653237679,-0.362374219179797,2.35586243945316
1.59464572052651,1.90343294003293,-0.259123326784559,-1.69586658473651,0.155843634475291,0.277391510177782,0.439466482840004,-0.613552420180893,1.93039303584597,0.545584031514999
-1.99831008229596,-0.113650262682943,2.02645373524815,0.303760420126078,-0.580849070678867,-0.914518674071308,-0.372070183305463,1.32486047286375,0.418495047510973,-1.64267706801863
-1.20738608107791,-0.205355872961455,0.743181371560353,-2.91713225126404,0.762693337766327,-0.699738397429718,-1.83824168244217,-1.71684078864833,-0.670678309230626,0.502876138132188
0.772011509006593,0.124942317105483,-0.369116437655295,0.360791803340517,-1.23171815434031,0.422821785206608,-0.242087181553665,1.78758429663419,-0.824100046173697,-1.19066264353438
-1.71181424264071,-2.62177791785127,0.891178749886163,1.55984247906526,-5.55919199718094,-2.66640989464049,-1.85719929231812,0.854645223234894,-1.89882450465248,-5.29409704299123
-2.00584981020846,-3.99285836805109,0.146403623832534,0.192535203830188,-6.25264735752759,-1.45919419860774,-1.77204456915974,-2.14185276219932,-4.35342346897632,-6.53626146954279
2.5927962144606,1.18915568409435,-1.29811235929332,1.16879361199211,3.70587705216448,1.89593652691858,0.673991075871833,-0.640081555990703,3.48018896069034,4.16537562274624
-0.540690924387299,1.60350818443079,0.0362684381399826,-2.51838778070449,3.93124449576781,0.459002187771152,0.611366906048539,0.80025855741093,1.39849207053434,2.87337538052005
-0.418657066215046,-0.29945427799584,0.276984559421893,1.29225177025524,-1.19075845886832,0.130898945661979,-0.00318178517039233,-0.807011429299165,-0.542667205836917,0.0638172563985525
0.0335900118090099,1.95039684000932,-0.44240357306123,0.662999689406477,2.7795448425102,0.5044546698412,0.901167098566257,-0.329096844061104,2.00225638799756,3.79283017576214
-0.237284822289355,-2.60129721532384,1.72630360892579,-1.13878161549174,-5.12425180109837,0.052969260123742,-0.778380182077336,0.367752696089069,-0.34814133128517,-4.19919649681255
-0.515305005815617,1.12652190370007,1.14368593211287,-0.134746453120258,3.25078190444399,0.536083737409642,-1.09410190922729,-0.0579062041755573,0.588531648940674,2.42317038841651
2.88721844959264,-0.0267837364792265,-0.787675319206966,1.79677785038008,3.52886266117978,1.63462762395384,-0.154545720516065,-0.638065166384233,0.820796564998888,2.47908011585076
-0.301753426824727,-1.639153834274,0.42193869809332,2.05314057664787,-2.73948951347843,-0.863193730263822,-0.00159884046647588,-0.660239033114047,-0.656633707177347,-3.42995233055633
-0.212507285791611,-1.22468049413225,-0.0336661877547118,0.529155506796499,-1.65135822551939,0.363389558039917,-0.211217266798039,0.639508324442226,-0.736829308486659,-1.62259746557241
1.80444524070715,0.407295461406821,0.271551084724372,-0.28811869813007,0.478300446923534,0.996829657897099,1.37543452159317,-0.111218353406338,-2.05409819069503,1.8759165150953
-0.760222443106797,-0.507928794872275,1.72793099089216,-0.30100698068024,0.934193757726035,-0.665540885515034,0.592719139038306,0.887292019246947,0.0883097184454147,-0.478436717857062
1.4545073334702,0.568895903164505,-0.366891815308378,-1.96811764420761,2.45887508194005,0.840208012185987,-0.467615160537365,1.61866438144633,1.50320214837635,1.59941143534433
-0.176852464901416,-0.757629809895993,2.86908199343496,1.39588035357733,-3.26918922638834,0.570693593388983,1.19408274799893,-0.595836006246511,0.237460971694149,-0.797333915479437
-1.25339442827821,0.213573171535824,-0.925781002937837,-0.0352493688997879,-4.98039543971144,-0.109448144219584,-1.11539902601286,0.535999373886366,0.631629126107115,-1.89573108657619
-4.72829368089178,-0.284343882755662,-0.627768697101565,1.06647896684844,-2.22774854714339,-3.34272558755979,-0.873724916112564,-0.635617938771667,-0.0347688061989629,-3.96140169912416
-3.01817022002486,-2.89719441470747,-1.3131672498013,0.649051385594402,-3.13157612178028,-1.36562008316242,-1.85226172989866,0.791128627449129,-2.8412361521145,-2.85364506500886
4.08779271747377,3.06981196869069,0.153010780896246,0.848703858804637,4.63281854461532,2.41446507850412,1.23608573151837,0.0287107603972764,4.03029091763743,4.54351986982064
-0.404107957356843,2.0887402943097,0.0476741277552243,-0.966247337466932,3.55364233230175,0.349655152702374,0.982626121227847,-0.888380951783434,2.31884573855032,3.61423025100389
1.79526811536485,1.94609374437542,-1.14731630714057,-0.216570721621529,1.06198177057082,1.77954890478445,1.22346440354058,0.676325288138482,1.45456144072848,2.41520609368846
-1.33208457506266,0.377304581310343,1.28874715318231,-1.39966930530536,-2.19807398034024,-1.27017449802652,-0.324003752259418,-0.679511308732628,0.0533990774386252,-1.24439058102128
0.0375666000580914,0.130337439340941,-1.01836556260654,-0.912737186677218,1.25513537944358,-0.331712772147035,-0.573900423862107,0.223135476296991,0.667234779652349,0.424904823962836
1.67113947003936,1.24882160217641,0.508319869203293,-1.28016049220308,4.06569769412117,1.12198505045033,1.30254497873388,1.20636915016706,2.70622493711661,3.77590927572391
-1.11398309619443,-1.55197176139035,2.20878916707252,0.30123217347507,-6.43847706409393,-2.03489059431816,-0.828610103182083,0.447429435413095,-2.17408445008597,-4.18095275849482
1.05917923066713,-0.936583424139718,-0.987700695691624,0.775851719425919,-1.82280366356448,0.495624885931822,0.51490530725462,0.690532832281701,-1.62350708359106,-1.08064838037596
-0.0548172153297178,0.414438018452762,0.501882858763154,-0.511893871747362,-0.318625100825902,-0.973376021140348,0.0541988687093816,-0.567902692477563,0.451168663930426,-0.587662915305782
-1.08554274748461,0.0933622669945142,-1.54391102995316,-0.681361298138649,1.34585854085682,0.605517120847387,0.217781404328243,0.575960612045136,0.659727254502139,2.08309170876518
-2.5683367563622,0.166287113608456,0.47187370337342,0.0304338501124216,-1.84988701707181,-1.56337217606755,0.488520520212422,2.46001252541441,3.87556064559656,-1.90635945137817
-1.76096227318214,-2.2847852421962,0.915656590217364,-1.78428299278256,-6.05590427380705,-3.38935885863542,-1.95978572423494,2.13783905892404,-4.05173839327003,-5.73090199653133
-2.0588360316832,-1.37984030066362,1.1286647232845,2.38131836633978,0.572040443701316,0.438449999336654,-0.609986967011741,-0.501949909390277,-1.73758174458385,1.09511312344171
-2.33095948949182,-4.4107533929087,-1.65685645811907,0.830661323745678,-6.57757275556053,-2.20564510218254,-2.04442017946036,-0.752678495721262,-3.87295197028371,-7.48472681169633
0.0665250587030521,-0.519401426741026,0.179338207890738,0.262621466531791,-0.0781066144548882,0.908853698870227,-0.443541883314417,0.553504109240773,-1.44624402296865,0.29200907546916
-1.31153471624634,-0.121361904706687,-0.754713722453908,0.483628791635062,-1.13152207501966,-0.299341333723737,0.534014422627667,0.977865382534984,1.27119889528603,-0.241207006628114
2.4163352982838,3.38722252018447,-0.50694912377228,-1.64912650129129,5.5240088490176,1.74885951255911,0.578094418149198,0.565640752721357,3.47218777657431,5.51724830170777
1.59755930630033,-0.54634336878155,-0.75729226764881,0.0938840094022405,-1.59227631471206,0.156610589007247,0.175506284299477,-1.02411839035232,-1.54243214850827,-1.45327662824911
-3.34865855163348,1.62258004296822,0.461398659113042,0.564709408296944,1.31022480753284,0.449293177970293,0.353518281962235,0.351718674374882,0.528223383369251,1.69437136998708
1.64940144336508,0.590731591927926,0.299938377115578,-0.738813637563541,1.12996194931884,-0.462022408695396,0.086498901328052,0.861055983512361,2.22630790291751,1.42052940057651
-1.12088776403554,-1.00234016767798,0.652693889225517,0.292851382442413,-1.90527401272496,-1.123403186155,-0.784534173659078,0.249820104041292,-1.28585751549883,-1.86581998284959
2.88955144297408,2.1426470099778,0.541803989634654,-0.159845369694091,3.11148154416035,2.05707838765218,2.44149814968428,1.02212487201875,1.04510373903879,3.62876752815014
-0.0953846292816966,-2.15423696205171,0.332885396321089,-0.673385221531372,-3.52344998089978,0.0456888341669848,-0.632524440253654,1.91432141767643,-1.44165333126272,-4.21395021689612
0.092341004289769,-0.337804626522191,-0.164230404416467,1.70389713066936,0.710112591362084,-0.0764518552601895,-0.760142742889544,-0.267053520408853,-0.811965372081053,-0.0111546533534069
1.90763914241577,-0.924018040996175,-0.703269622376439,-1.4736503672958,0.94342287612305,1.73917026263304,0.0877966153561497,-0.0760774682104373,-0.990377429353226,0.00752009027898581
-2.21298447705025,-0.946295908470443,1.29619709048269,0.897723368389982,-3.45128911726624,-2.31216898479573,-1.49244940486286,0.821982898117075,-0.701288506936416,-3.68090637374665
-0.0114529624644449,-1.53184114323179,0.429511900029564,-1.46646821607798,-1.12156840292104,-0.0213960651545141,-0.536841485348303,0.367475187193511,-0.677794318713721,-1.66975114250255
1.57601597938695,0.911493610357486,-0.830492047438338,-0.811318007711043,3.66723226590378,1.19966168375504,1.08911188003507,-0.6123352809747,-0.362877333088756,3.33128418965767
-1.5456365306833,-0.471312619635723,1.08064911835951,-0.387772169313387,-0.770696372273756,-0.528099348860975,-0.5871632833779,-1.22501610622567,-0.816760379048868,-1.73277027399904
-0.314217562673949,-0.541696704689737,-1.33255881928471,-1.34767154526828,0.485663514156961,-0.138180542713404,-0.570570531225167,-0.652912817866,-0.295690319077373,-1.67683534845487
-2.4685227852852,-0.87024660166925,-0.484606175362683,1.25893265550708,-1.80828495300812,-1.50044723050674,0.226680719992926,0.376343302068572,-1.92542302615879,-2.71055388949952
0.982568229720741,1.47885063413345,1.44994793989117,-0.613699272142711,1.87892459857775,1.31316164630334,2.12778178640553,0.313380152622984,2.42593979309578,2.13052672690616
2.51470804877492,-0.0831639606879979,0.890202430526697,-0.210225872872293,4.20974356631758,2.88072562067884,0.744078972791976,-1.70200644755579,1.85215159702843,3.19759738369919
0.457093642193728,3.05243438243311,-0.611649521013282,-0.943105800286873,7.02273094846579,2.18502275004458,1.58449637109446,-0.495861168591193,2.96867188601999,6.75918536912742
0.583868920227275,3.14609257904727,-0.738244553709036,-0.531761617779925,4.63431389510031,1.92507663174514,2.59530246780021,-1.77581362480189,3.61368080774101,3.92127728897487
1.06201788890829,-0.477312120449187,0.0826018021325333,-1.18312499157886,0.580662840729215,1.30251918449063,0.147839658634044,-1.31896640330584,0.531440558803477,1.11591478993177
0.518078522663715,1.21509636394605,1.46534388097602,0.821222353560904,2.48733791948539,0.825156684489369,0.406129788099319,1.60269009163993,1.40026299033494,2.42020552961907
-1.49164971655891,-0.599886505053457,-0.554434709102004,0.278079216271168,-0.96704230891659,-0.645158619138586,-0.90745582836444,-0.710371619426441,-1.74594564536425,-1.60729709842052
0.925169901817924,-2.30384182298942,1.37879248623287,-0.185582545715522,-2.95625750050486,1.36042346520958,-1.86327261798141,-0.328949805254004,-1.9603231014238,-2.30158716541274
1.28006847961698,0.639715183257091,0.140412275112106,-0.741233961890402,3.95627657887019,0.625909433610577,0.366241005027235,0.439667117857181,1.33564578529609,3.38949487568731
1.10140510307216,-1.68683844209993,-1.30006286559895,0.251349116924789,-0.777420650282151,-0.447055678167932,-0.615086450758389,1.67142990223728,-2.94347313344543,-1.57617240940231
-0.121386903076089,-1.68119546730142,-0.0580183571385235,0.380341138369589,-0.986572911752039,0.308067896818358,-0.512884939839803,0.530490309748184,-2.47313370921437,-2.14939372993402
2.48552400837367,1.16006271220966,2.00786089629569,0.542747233241947,3.89119961685073,1.10400967388082,2.41944325074194,0.680353741466133,1.38070475421136,2.67247498876883
-0.22719201805865,-2.02286695183507,2.18649709785271,-0.131204481233278,-3.52129739054829,-0.851208610941562,-1.43572795855599,-1.57967908242991,-1.4787709156184,-1.80972029718464
-2.4651319440188,0.265921451272039,1.05561134126413,-0.412792961651637,2.57097187559557,-1.01207619671743,-0.134549719472214,-0.876486618071317,0.785538199247218,-0.0325936277746773
-0.670721746816549,-0.0560858990678975,-0.832312258045562,-0.506551464242207,0.456790337786113,-0.805694347185687,-0.911118081145743,-0.191454989988116,-0.65532272208785,-0.262885932875847
-1.97367919974835,-1.5451403323943,-1.45968608527842,-0.966160250439764,-3.22717444328024,-2.75483020618673,-1.54121455474915,-0.463564147650228,-2.51871109232904,-3.59144072661188
-1.82656102383588,0.139310252661448,-0.21330603729743,0.467512152444795,-3.10903630590862,-1.31908974164905,-1.07272944583434,0.163549194780664,1.67568960853978,-2.56114181378426
2.13844168464804,1.24543820454839,0.798473928377894,1.0190582991994,3.56259685477265,1.91928651232094,0.431929945234481,-1.89366883186219,-0.439012762657619,2.37780808940351
-0.17903584275992,-0.531884757755151,1.07304829080429,-1.17294985846181,-3.44523667834334,-2.15489375871487,-0.952810069161885,-1.38427569796891,-0.393558866898279,-3.60799514080216
0.0699721971251372,-0.0681388685891902,0.252573830019409,2.81962816820109,-0.116240126753346,-0.30881351607346,-0.494351542772166,-0.292572898587975,1.92217719193666,0.185448290207148
2.30157156484322,-1.79921909660027,-0.0523210136308877,-0.516828382467998,-0.703115419080746,0.838710484452432,-1.3082305834809,-0.727908631104866,-1.93519140326661,0.511384251630775
-1.32086651486098,1.25215558556834,2.13984328339746,0.886297895091829,-0.095290399095954,-0.390464022567165,0.442039896489056,-1.20755893771141,0.876329608352387,0.783017608829328
-0.00239925934532714,-1.3266274039911,0.248241477622441,-0.719407913220774,-1.65385617618289,-1.45742299833961,-0.893772844002179,-0.176223791600659,0.637844125615168,-1.08079940236499
-1.50779587050595,-0.177049541926505,-0.259519077925471,-0.198982726163936,-1.74117054909696,-2.01803331508711,-2.28081468330556,-0.216848421275544,0.490319420685703,-1.43806474247669
1.11795211690537,-0.259167325421184,1.70845938226575,-0.281694956456492,0.0267619635538633,1.87639535275,0.454979836624281,-0.231562437826387,-0.86663888524867,1.1047053130936
-1.19820461399044,-1.61148735536827,0.511161907581329,2.24954273726755,-3.40612711776504,-0.917111020444981,-0.610480115313087,0.0465108624459683,-1.6689211560736,-3.45931173561006
0.798074346066383,0.126512449896431,-1.49801184983714,0.127648822459084,-1.39556442337592,-0.246439323201762,0.585119884133486,-0.0246807077214942,0.855578263648466,-0.770413048438456
-1.45218742367556,-0.375541566141602,2.20098187662311,1.32761613813183,-4.36097506046266,-1.12747829701684,-0.971432152317932,-0.367100262075286,0.632388799608635,-3.03496335395069
1.258784258816,-0.43642338607572,-1.08806217902596,2.08776320314747,3.00251102122348,1.64083879747749,0.229726842956393,-0.527211870741959,0.583818311038385,2.50760386976969
-1.4121826065603,-0.512858504400263,0.174666554449018,0.620040484380298,-2.23967288151846,-1.33912498176179,-0.469112624973907,-0.680056394565562,-1.59606338382102,-1.85919356361103
0.308369538803624,0.0555599101578728,0.400256734523558,-0.703752555924091,-0.278913315243481,0.336166532416103,0.767530050106538,0.42646386467902,0.257698549788003,1.29546732642587
0.289924124352277,1.1389766219709,2.14493340909666,-0.822234907392886,0.233553400052935,-0.462670064950595,-0.340653193035373,0.855204422937502,0.965590863343273,0.820714797467671
-0.246097329646545,-1.86165165233698,-0.399718526954744,-0.353572596147078,-2.9171238371387,-0.7065634980482,-1.40604377218622,1.00189115866336,-2.7390900669676,-3.34812668728018
2.38896144808476,-0.857555724743707,0.202992796469955,1.80720663474674,0.517851844515647,1.17147655536944,0.562795444748807,-0.834269082584045,-1.38078550251034,0.674595367405612
1.57940677920745,2.21971451190555,-0.0202640991129024,0.91051548689054,3.71173079771066,1.7041298136314,0.612696184716857,-0.387011231304842,1.68077937621315,4.72298571633567
0.212302912527275,-0.24070744290399,-0.584148183907548,0.0100202998436347,-1.68661319083398,-0.172776642169238,-0.164908120576546,-1.4071797658985,0.565781804731541,-0.896942721836122
-0.09882805388349,-1.28311706295855,-1.14484927056561,0.601314558493395,0.526679765677894,1.0269488156618,-1.01108561851441,0.394843484390447,-2.92143733368914,-1.0361228555861
0.873132058883008,2.33750831434183,-1.22095703592993,-0.054674603926054,3.03126745872998,0.590353445372944,1.24813185101087,1.54057318493988,0.649332204498447,2.18473100131955
3.1248615896702,2.58192336955066,-1.31182322721194,0.719537976484394,5.80462379719327,3.24553617223651,1.75111152016147,-1.69693485719948,3.41115301524055,4.80337765842861
-0.962251750158061,0.206216314656366,1.06840982716696,0.0355933286298438,0.886772948669476,0.550038197795348,0.930116090156775,-0.120246779062695,1.84768999767485,1.64859644920122
0.395082963900819,-0.775522970683199,-1.09949345734137,1.00098540372278,1.30419161333074,1.23049709159621,-0.0939877056639731,-0.521542492200234,-1.16091481988428,1.98522776788229
-0.3681181874437,-1.33840775610357,-0.495987402321651,0.299158425234165,-0.63460876148396,-0.414946620540851,-1.23936185602671,0.310859855514203,-1.39910082107582,-1.02716880302713
3.39082385988936,-0.450481266675862,-0.123543921456679,0.0228494160757508,3.34599323874773,1.8688610192262,0.045293283204952,-1.6640087432188,-0.708667596677255,2.36844599673615
-0.307254700732896,-1.45599353428593,-1.40147055594789,1.06163236660273,-1.35929294676578,-0.120731385694824,-1.33764416264449,0.584117595789077,-2.86920797230231,-1.91381417724472
-0.829660585793068,-1.78049978578376,-0.700295423231264,0.342231487906164,-2.78874099495811,-0.968972808014092,0.0162838037061688,-0.794812218079443,-0.321876935663915,-2.78686198630218
0.323197976195704,-0.955687017471162,-0.449783362532522,-0.711247034711701,-2.11544130143589,0.617622576685863,0.629586777901183,-0.893128959856035,-0.744323213481224,-2.01512894383772
0.16256109451505,-3.34609927907114,-1.52301538124201,0.482437305347738,-5.57264715351541,-1.92302415005859,-2.59203959335676,0.997004610017347,-3.36351034152411,-4.67614810698436
-1.94159744874836,0.928418194681102,-0.320561077078657,-0.881166463350859,2.21547401652687,-1.56734977360444,0.210927209864412,0.376599824528861,1.22911322106265,1.43311093492977
1.947786158867,2.01790046201485,-0.0787637813414753,0.618470283050459,1.77586843639961,2.64601146487205,2.0620387117601,-0.795048910812453,1.90402118879485,3.62581037098417
-1.36420386435395,-0.606272417167432,-0.97602381935399,0.848435062214835,-2.15672408218159,-0.879888915587142,-0.793148234392588,-0.433461150174828,-0.819266992053151,-0.836002993148346
-2.14183569519837,0.0668948974137655,-0.255407103954714,-0.37573432787214,-2.2988526216384,-1.31768043891174,0.0307982673648476,0.0243419400238692,-0.10782822935273,-1.5234344426974
0.282826653534547,0.59801340987468,0.502766550803978,1.16645165082349,0.108483094724609,-0.458133856116685,0.130308525811368,0.487357506687572,0.91625430741789,-0.634604533041044
0.452966617525577,-1.76088623264148,0.243860263047319,2.40011965034071,-0.77041876401997,0.275665837130448,-0.743293446352623,-0.894845546314677,-2.39039940742713,-0.414981343734714
-0.247919915475902,-0.610327120698358,0.224824608562522,-0.695977220681583,0.55036993401911,0.598272140970541,-0.706940946604744,0.284991910345515,1.14812321479292,0.182189661165095
3.26427991175584,0.352951230019227,0.745549430082874,1.68779927062587,1.50663254570611,1.71314453624428,0.659940378436295,1.10829056227122,2.10163077003412,1.59185719224314
-2.34148901793095,-2.35979446981021,-0.709265259242958,1.00071216058635,-7.2372905560512,-2.24979139958436,-1.12957636658685,1.377458133309,-2.09420296096621,-6.14060946373808
-2.71972232868726,-2.34623674750552,-0.273295310870022,0.208358727460542,-2.49174360556915,-1.13132445453559,-0.520494095151013,-0.29772186894646,-1.41693173791354,-2.71292073294782
-1.09987282263649,2.45117991212798,-0.459407317610482,-0.0160992288056903,5.03673930105837,0.65993124108523,1.5148504455081,-0.583320385081131,1.48758724001643,3.18764713202831
0.804047659430977,2.65041255867967,1.07177937596685,0.0988637070067328,4.01102953215726,0.478499693692614,0.213220004807632,0.789449408348376,2.68652952545681,4.51073895529428
0.770060849710943,1.149283717708,0.847110980004997,0.0152535985006871,1.00371207479534,0.0156575865159587,0.581148444072362,-1.13278783446115,-0.997388777833424,1.79730927246143
1.8312246264868,-0.0611454706951429,-2.02637573820859,-0.97428346530351,-1.80930246484644,1.08475846749395,-0.0617299938675552,-1.72391521323482,0.0829981054641691,-0.144366381192655
-0.800462858199446,3.65274957242763,-0.694944167914852,-0.085234813629024,3.29314814056986,0.79343290749231,2.4073984715826,0.0609135016738778,3.38000694451228,4.37327189745507
-1.95641921905041,-0.0876043813262527,0.149333461325746,-0.442269095378319,-1.85603193986332,-1.36146446863924,-0.533500001264408,-2.50825001866502,-0.399887868382089,-2.81680401474293
-0.735676865980688,0.747668488940934,0.212347984681376,1.10357057879858,1.1074556697319,-0.951086980296538,-0.832156677380787,-0.154238685122097,1.36292243852852,-0.176924441312334
2.00497586228288,1.17983219290108,1.01689782133179,1.48698473785103,2.33128064504561,1.70583353742315,-0.00823190508491043,-0.757645937679369,1.99662538351241,2.69529573168842
3.16571950897316,1.09566703691326,0.445889753011026,1.85811082305714,2.6608280397491,3.13426999679078,0.893690132231012,0.496274372317598,1.37661868642093,2.4291595845783
-4.8352725516766,-2.34600537244988,-0.638763874981549,0.609400538064163,-4.99158418709277,-2.92388586975228,-1.97044489606663,0.0705106521489848,-1.45123919343222,-4.55416491896996
3.01891625582905,2.22788523380105,0.687534471572487,-0.131414527738094,4.53497390538297,2.81710008907257,1.66060625813805,1.61385405827015,1.8115630095069,6.04532141072642
2.63267444779826,1.24716962558042,0.179039633382895,1.39324881289451,3.4412542598798,1.87404313731872,0.745716135066492,-1.15838128893189,1.37402979006352,3.05669978767005
-2.31822239189884,-0.199580656710814,0.109960783506622,0.644530676994768,-0.977519042554784,-0.865144109556568,-0.0980589368436253,1.34867972631088,0.31814979269644,-0.835983448969678
-2.43451414648881,-0.40061642218329,1.40723720223238,1.4759271148258,-1.96843976467099,-1.78265341592682,-1.17517134979437,-0.236131477427214,-0.652141046938319,-1.61699909992152
-0.621908564045418,-0.248919026920594,-0.587801229440226,0.66047241066702,0.224479427206825,-0.449224475728326,0.175388134746432,0.652029125529969,0.429367414424208,-1.4931341678935
-1.02849870119941,-0.986630203381407,-1.657768484895,0.356758042507226,-1.74508026922867,-1.02256498032504,-1.24481105481926,-0.678194319361915,-2.36982704417023,-1.65836847092485
0.68487142805897,0.600324681122559,-1.01015292392654,-0.21855511176301,2.37044308221463,1.0331032518235,0.0872030806765512,-1.37014888300907,2.71703964051507,1.752696487563
2.83661965270935,0.339996839714865,0.0715455963630516,-0.136623554748605,3.19266828229936,2.14302030946398,0.902721010849823,2.7859814918131,1.17066087135286,4.02173921911639
-3.24497597194073,0.40541028327878,1.31512818387548,1.32660335718204,-1.21606831186093,-1.21558883748527,-0.576101376211719,0.453130910829009,0.461146522372004,-0.311777794258595
0.0743394052812062,-0.5890658597048,-0.704058701734073,-0.50821234868347,0.663763783447528,0.549639854064313,0.222344741597934,-0.281600093514284,0.949582799001798,-0.11743686719255
2.45998236772397,-1.43766515273957,-1.709217073163,-0.155607159481925,-0.67925155800331,0.953842598031815,-0.479670301112934,-0.422991572832447,-1.01162691147861,-2.04984793714371
1.00409282585257,0.345794888205954,-0.343320429346183,1.27677104636895,-1.63964167943813,-1.49028406935423,0.432165939155948,-0.701511818574038,0.0384046192364051,-2.20443427084329
-0.683174221428387,1.37811679246939,-0.368659705870425,1.26979269375558,-0.614695281834354,-0.921693938359154,0.633296103875721,-1.50010293086086,1.05328530815682,0.0672989733913916
1.81507308638256,-0.192255038886991,0.0148435757474248,-0.603774545246581,-0.622311119009966,0.852675271268157,0.372148774721596,1.74122325901709,0.702296786538928,-0.0222107557581093
1.01325863991542,1.56878541879429,0.0256412554242276,-0.37946391395226,1.99732904161301,0.460012485247667,0.865298137413881,1.05457188975157,3.83945300152395,1.21005120421831
-0.136602397219095,1.07494847382453,-0.787875470816008,-1.61914157907525,0.367572367902715,-0.11544631395772,0.830177204602718,0.918004762312606,2.26341906103136,0.731608968887108
-0.181519733132716,-0.441721967124559,-0.688058217755253,-0.840765022514819,-0.0580034855399574,0.0236824551268178,0.747625850965632,0.101139879107228,-0.653925782924682,0.207208977793123
2.30148589613208,0.394076722291094,-0.483703651219931,0.517523255081442,0.203514235672314,-0.298224174413914,-0.922506298198969,0.644481889088512,-0.0745778605377492,-1.051378753515
-0.0118951917461636,-0.826686189538884,-0.0492812829251752,-0.320412434618647,-1.43558505219907,-0.100926206990923,-0.458763133785774,0.446227230453045,-0.0904968665851226,-1.45055227007316
1.82003199573665,-2.95128814591131,-1.22725210557412,-0.662611854844685,-5.93574388786583,-0.326396413786381,-0.706686394724242,-0.578579523993321,-3.62342369713679,-5.9141901211647
2.89026904015563,-0.263789014310881,2.63275853027178,-0.494174037728431,0.633479702137552,1.74455333586065,0.670622042045225,-0.901775918767998,0.261964928602784,1.04580717534687
-2.44805514167065,-0.269756723745024,-0.798814208048125,0.0284915538443525,-0.774433648142462,-0.492731438794014,0.652495241237864,-0.171297254300057,-2.35225077638999,-0.799743838581039
0.0108866172758992,-1.03117517391009,-0.167036526963535,-1.09305431786005,1.6444283531296,1.36772498938139,0.36529487355294,-0.643641487224818,-2.1271606462088,0.825573793471598
-3.00681951332991,-2.26418035336863,1.50879702191589,0.491158967853737,-6.54801735649792,-2.72717348729722,-1.87270680171025,-0.298049011162542,-1.68126068016522,-4.79742167895723
-0.0475784078287697,0.170569430580816,-1.00984962219727,-1.49828195416724,1.93965822293566,-0.0961012903198316,-0.110758818334313,-0.118093721715016,-1.45056091727431,0.305239960450412
1.24204422090761,-1.30464301734257,-1.13326512624159,-0.83432554865075,3.75805776055469,2.35851373410555,0.0252565715149098,1.44183971894194,-0.652666109616136,3.02352924757671
1.50172873631589,0.919942753371144,0.778566303679478,0.23766437396558,5.07692363781789,1.81594512553303,1.45152283683616,-0.641952697794674,1.45371431038864,3.08791190795951
-1.03316675226956,-0.0242724752244336,0.106823997465998,-0.517392015756224,-3.66022841003481,-1.14292204905415,-0.27900907605797,0.627673803343835,1.61108428132597,-1.46582971098646
0.156779634843258,0.105432108625262,0.947916565180309,-1.9371893652541,0.240043975370246,0.417143686452875,-0.475317762357959,1.26769127129585,1.13781528565434,0.468488071702271
0.0200027497859339,-2.3462921696828,2.49105105185472,-0.392142571682564,-4.71863649711067,-0.966024282216147,0.00659312429797744,-1.03986219895077,-0.484152690699333,-3.85482588136764
-4.26845972609437,-2.22197192053599,0.552615553029814,-0.779400414298567,-8.19195738455521,-3.54692040261888,-2.22904705712894,0.187221039921566,-0.402049665203681,-7.42284779537726
1.19562010695867,-1.14971485815723,1.09409792781521,0.970928135578286,0.176159188165632,-0.100731543223366,-0.0317669134856456,-0.0240649236306273,-1.3369372519911,-0.629920806269589
0.106655637953942,-1.78968399291601,1.49843924533887,-0.215248532456735,-2.83808128172842,0.186078613598666,-0.882152625948593,-0.0875089966374924,-0.907347250461958,-1.70297842920242
0.526870946144104,1.08713365247695,1.57512408361118,-0.0953853809939087,3.64703041359886,1.75050283299273,0.636436288396891,0.0719719359208582,2.11025262524233,3.09776288949263
1.19210138127679,-1.55081375372403,-1.38205130080129,-0.0456904451731137,-1.28101815899709,-0.595490280123785,-1.21473515960987,-1.78478294543495,-1.99184698246641,-0.909980529249578
2.37035587937279,0.317888270743647,-0.985352704395867,0.945178332660385,1.55462223783605,0.652424149551464,0.671463151102123,0.712591084647907,1.12137948613115,2.42729960997699
0.451545748824764,0.974315057036511,-0.620479204309777,-0.428892391638911,4.32915780298424,1.15177516863999,1.3320106291536,0.875100576373423,1.13014964856428,2.44405917564576
-5.56597837668341,-1.58405587784951,-0.0918656501517585,0.354605870533634,-5.37777902263651,-2.63057876297873,-1.23611459460317,0.525015227821365,-0.439761157843577,-3.83180230001663
1.48511123017707,-0.729936464018908,-1.49374058020855,-0.752482399781012,2.32578088990657,1.44896045540199,0.756935453202525,0.974211541864376,0.16349500483502,1.17887699603895
1.12305596890075,2.52935352628642,-1.35558634730573,0.349272077862863,5.56831984690508,1.98933846461369,2.58915347433477,-1.00502501643232,3.37650108781616,5.9788148360026
3.87502347428535,2.28898627973451,0.360787011075058,-1.16079544597259,8.18325498783325,3.29214531676079,1.1222662958028,0.91600390492093,1.79379695804829,7.13323283561557
-0.13126558617263,0.344862926538337,-1.20361481910969,-0.0668774882487895,-2.69521692097092,0.167965024003413,-0.00736457219174914,0.264924756192677,-0.570979515672219,-1.01014499191106
0.596548837079808,0.336532185811554,1.05683919759186,-0.0284135376771228,0.417022839870331,0.461533720361499,-0.00254857765638163,-0.962871782877738,2.74905834691607,0.314001510096306
-0.592330823770096,-0.668911716628407,1.37011852986075,-0.614400103451186,-2.8279060473203,-1.48677333240883,0.362508556576364,-0.492796036708591,0.16155911288056,-2.64560055418274
-3.52265084432053,-0.159293730163798,-1.59947592937578,-0.830871538937404,-2.2483492666699,-1.42973756492195,0.424830706799717,0.263541071929481,1.31960135249085,-3.13221880013569
-0.709455132298726,1.30102860245701,0.249677241682746,0.326757723022919,2.2954060324853,-0.243863657092819,1.12896382648146,0.585205553432746,1.05218579743551,1.83972348480364
-0.345078938925011,2.33243318674872,0.748109700148524,1.0005978948236,3.37481283891877,-0.312088722442503,1.17218181366385,0.665923230174559,2.75751368148064,2.90487611277696
-0.604074029117478,-1.29129183399244,-0.00993633752971779,-0.32081299724037,-0.835523113306666,-0.305429787139405,0.208677777305572,1.37922224903863,-1.30634415200923,-0.824293751471588
1.75245132094605,-2.01614138867461,1.3158585932421,-0.00454398288003187,-0.659237514702543,0.0782511971920495,0.237657275515305,0.402867360496142,-3.83314913664096,-1.91801246778603
-2.68583491788598,-0.333120932012754,-1.66197367874463,0.421575614476288,-0.000749656638449836,-2.05958320010273,-0.741436399644409,-0.401354717090397,1.31682143102289,-1.61411977143331
-0.429183602354531,-0.391593574514193,0.893113072300322,-3.16858379630313,-0.893493988562828,0.147707604257763,-0.0498795198015772,2.80513158022539,-0.11367571780983,-1.25314590027603
1.5435217713633,-0.533452925894378,0.510113055586254,-2.66017668575906,0.37333234014297,1.23415462355876,-0.312880319837514,0.668124128924226,-1.7839163942874,0.530286895314513
0.57050238041843,2.90314071273497,-0.803061251965209,-0.348931271707133,4.68393694645098,0.170356329363923,0.812179389852785,2.62055583767129,2.77211529519069,4.33491236722201
1.04345705196152,1.17554699386608,0.0932123005278147,-1.63751588890064,0.183075417417319,0.919726707456108,0.231038055929882,-0.702833072942957,-0.187235012194831,1.0453884081836
0.274979417024135,-0.121667733386203,-0.869179020003725,-0.772686246055671,-1.31955499418619,0.792984103681197,0.0589681553978455,1.11484759459971,-0.874566636654329,-0.357092740814507
-0.241449932316943,1.35942599010338,-3.0559586077911,0.645533175910947,0.845215391074229,0.0588036131083021,-0.103466182521875,0.195321875869712,1.66980547992001,1.48439195455071
1.45747398493411,-0.59856142526468,-0.955990052664118,0.658748126162462,-0.874804625478518,0.612033252768315,0.173139509622585,-0.0990843847448176,0.560664812130133,-0.12105888897285
-0.747783468633258,0.874367221252925,1.8666613984684,-0.339693896883278,1.79523971882551,-0.664508485544039,-0.552369293432635,-1.56032957692932,1.48742499242949,1.60722056063791
1.57984565581903,1.59087024629909,-1.06548269946099,-0.598820886280997,2.10323653028949,-0.218495354918274,0.457295515823819,0.681839950665115,1.9170147507593,0.828253715263799
-2.24409245975242,-1.09600173731925,1.35626524064831,-0.717488339669036,-3.9024746461871,-1.46475671385058,-0.852237232053919,-1.36747301767934,-0.949841388960512,-3.95428809181813
1.29210817321085,-0.166574624474439,-0.0239668183962839,0.423479558916509,0.355200820894506,0.224938113418166,-0.95854762501718,0.510863984980801,-0.907337666996936,-0.896641692167156
3.01071063663156,-0.595252676706136,0.222698000166358,-0.434748886346626,2.32594267745764,1.3663739627633,0.150033613740658,0.750285431037792,-0.504136941932048,0.984739903459687
0.0993963141359038,-0.168180173311795,2.32372556658561,-0.327701017373476,-0.662114266264452,-0.696401524613955,0.408408945347604,0.0465493402437456,-0.221819764767217,-0.683367301402591
1.23660596897513,0.453624337546499,0.547399470714868,-0.717309772587429,3.35941986897717,2.54806969600065,0.914501781221571,0.0744150463399551,0.0447715930007427,3.66843534068539
3.52357885459453,-1.39013671501819,-1.33399666323778,0.86327019526175,-2.58238940729743,0.517284500507088,-0.102329581852657,-0.964639959284751,1.10983337530505,-2.50258762925116
1.30496874413207,1.64919947108521,-0.702382003306388,0.869205938585843,3.51821218314237,2.12191116487605,1.80970073179887,0.121965422132983,2.2779459145151,4.70061071828832
-0.0300188977042857,-1.74824745365636,-0.983415895096008,-0.862676565107083,-4.43302697008493,-1.42298856203024,-1.34814121164426,-1.17423535787183,-0.371898206115515,-3.84261227360131
1.40183574413558,0.128754469150202,-0.688620054086921,-0.658977320002269,0.866107370207525,1.7863436741289,0.54884548277058,-0.284827705898028,-0.381820034391088,2.00281137359257
-1.21097054113473,0.592797202686678,-0.0332777667875,0.205867710482809,-1.21575430238849,-0.993905861573246,-0.544955884676829,-2.11004197826603,-1.18534041167135,-0.621481733749015
-0.873547038404245,-0.872397409957365,0.100934198247644,-2.27856916133497,-2.16531577406079,-1.97058999942275,-1.55197884646025,-0.281339404624494,-0.498596522654785,-2.36286926145568
3.48272457995038,2.77736501926485,-0.56659479993174,-0.297065738477394,5.9126002109705,3.03279959915469,1.71445780875165,-1.10421591391379,3.61990909572886,6.05036209389762
0.324513667571014,0.653441895353766,0.188197265974573,0.237221118497223,3.57305965163053,1.58208191185364,0.419962643640722,1.4940903992815,0.0950074443136187,4.17704321623019
-1.05271768034884,-0.30896116451422,0.903105410317396,-0.466481161578581,0.625530086012611,-0.613001154611616,-0.276219148536315,0.307002658557788,-2.05528736258367,0.971004358135788
-0.555051362409769,-1.07433037983223,-0.67895308214337,-0.608522988636253,0.714875172583659,-0.0173589736347446,-0.461544332519382,-0.170972237104525,-1.14367308288531,0.616649651396161
2.70392150760952,-1.002732457067,-2.06588449966575,0.869153415859793,0.223533781356873,1.43844791337968,0.460806195573255,0.335612397178315,-2.00459578168055,-1.32681272344218
2.22775450670971,3.13223473837846,-2.26717954600599,-1.05256961115372,5.51558851474418,1.72287839152425,1.34166571876926,-1.19500982710857,4.85254835906073,6.43286691709327
-1.85605635372972,0.469765864899782,0.561589219507216,0.115814106414361,3.07877049117203,-0.853241846059955,-0.167092620484433,-0.76820074650686,0.193572899639707,0.319207316586697
-3.32009720191831,-1.24401531266025,-0.362432650815596,0.174934252437307,-2.70188566496455,-1.35010807232136,-0.86109992416695,0.238556628257562,-1.90165171508827,-1.58237164938121
1.00573283465848,-0.888781875290343,0.646647842882882,-0.444991638034285,2.29163171776801,0.434949023077055,-1.34019922075376,-2.13903060601344,-1.21027046652584,1.69542528274337
-0.131554937958617,-0.363228631896402,-0.777712215189984,0.387989205056105,-0.599052423821203,-0.65308631529079,-0.249462570071943,0.514956283227482,-0.396101913535083,-0.198968934915409
0.575888218778603,-0.396228237602402,1.28247198787317,0.688886078141835,-1.81977674802704,0.469781710356169,-0.573785249662765,0.737661562902853,0.3133735608389,-1.76639226287492
-2.26192471337353,-0.433134782838252,-0.261074071030201,0.182154550836844,-1.55597203767173,-2.04167490337189,-0.859820333339202,-0.138603992152363,-0.493341967390597,-2.45620188121205
2.63875342848395,1.29737264100182,0.245306720328277,-0.833060487854415,5.83844043861603,2.67542838150175,0.753293705256218,0.507493067777855,0.0577468050270722,3.68101121490731
-1.925734418268,-1.27568894266027,1.28063195930799,0.0893731612946334,-0.276293571072776,-1.34491693072736,0.152371414524316,0.0148039791042397,0.273429392654217,-0.553490560845959
2.6305910860693,-0.544598363133535,1.43097906399043,-0.0564878881508394,-2.40028892570562,1.50099506772937,1.05812869597337,1.02767761575706,-0.854953606837392,-1.22805173521588
-1.55150785006018,0.141490903607377,0.725570930939934,-0.561222440351861,-1.20609868549429,0.0692133271465363,-1.09424409819576,-1.99907504215134,-0.693712963831948,-0.279724292914491
-1.50342919315985,-0.0468768127359232,-0.700055840891136,0.605319056815014,-2.14064817701851,-1.06929000783213,-0.454053151001052,-0.0365468167712991,0.709157897605675,-2.11446991137157
3.25727383640033,3.46226239880006,-0.397855859466561,0.759123152490004,6.28374885672304,1.9266159941538,1.8462128618491,0.0383034296997337,3.34375476042426,6.23772365505894
-0.474460356844534,-2.05014006950307,0.0896825842845491,0.204230624838454,-5.26708928299668,-1.80155524854538,-2.40945541952377,0.592859514520474,-2.02419251416853,-3.58163158628246
-3.61599187630193,1.67910368541078,-0.132617840172261,-1.19158928676364,0.150642042459253,-1.76637352334624,-0.483417166348594,-0.164739251636417,3.02101568618046,-1.02846729326353
0.289361783759466,-0.135823715393222,-0.672596749732404,-0.250502306435139,-0.826104625808941,0.329146213389828,-0.343241462840536,1.19375146582728,-0.281462612166454,0.334725617859936
-5.03240794625153,-2.47353441740964,-0.756900641911841,-0.00314035740319439,-2.86353141824993,-1.50935257865903,-0.274514935778396,-1.26989815137919,-0.601247958680789,-3.51748343462639
1.03172046547594,2.53307491154832,1.63500115541204,0.298761621257907,5.07977989738621,2.73381635635762,1.38440359506079,-1.52571757714917,2.21225346100653,6.409362767473
-1.18770535985988,-0.0835688859402448,1.6559104655541,0.388014745249769,-2.95119727992196,-1.40390059638698,-1.12288395340064,0.995606139286302,-0.316312229662498,-2.65929870391001
1.6643845211613,-0.171729896977743,-1.14486323247762,0.118544180955244,1.27294961286007,1.47072246923841,0.39355894865046,0.748101544394365,-0.945166669184613,1.48297551622627
1.59776791992185,-0.78531064618377,-1.31883590718847,-2.3380740181049,0.418907785086677,1.67404412336196,1.27403889754998,0.447644493779589,0.31308331264699,0.649753855362261
-2.63033335641629,-0.684925244097132,-1.62172472521655,1.27490416913758,-1.75573568141769,-1.00931778398616,-1.31323525318841,-1.58664708969813,0.15554622538495,-1.67821350616428
1.995404638293,-0.739383571280186,-1.00312657048794,1.19710988831205,-1.17302470389845,0.943273485596291,0.947860246258501,-0.410487672578872,-0.117420059010028,1.98712851158055
-0.849995489869071,0.352111453896265,0.604603042574369,0.391977720617527,0.854371343681862,-0.3895285797216,0.362640151920425,-0.235086567263514,-0.214929080886099,0.886046719575011
-0.74538891598314,-0.128854192207756,-1.6873556362616,-0.0896429772068287,1.15253354511842,-0.00310113279191764,0.062284235738767,-0.592823047710943,-1.5457772717644,-1.147909875616
-0.876640438152341,-0.0340959413701003,-0.226390028581017,-0.231746010614175,-2.39827961325011,-1.96987236328283,-0.624454648724009,0.263372964601852,0.637398521982634,-1.20375210841415
1.7026802931767,2.57201030358752,0.29776362072069,-0.0178406888226376,2.81998027467692,1.23036961158216,1.71685551523793,-0.495242259563465,2.21581310306184,3.86514932014419
4.3834565073267,1.8973553816196,-0.572995691576058,-0.85605551580941,7.29844965127599,3.0332618524452,1.95506880847313,-1.74310169948745,1.60899506497085,6.277042364039
1.20508306891583,0.464543534192723,-0.316935152930613,-0.909722169222345,2.50818806351011,1.26454282798801,0.0100541460294641,0.00476193600156302,2.1218495683096,2.74297731753388
3.56212426673281,1.03479151456179,1.03667929568475,1.59921446635796,2.18993568925682,2.64141185329513,1.30888612440445,0.0481778741691063,1.2948253074533,1.24864371835008
3.08082519750753,2.16660013436232,1.45132072285085,-0.475071875585223,5.29781594666685,2.28563749866354,2.13508949516521,-0.292942252156579,2.19789349295217,4.02209773245448
-0.532304708592683,-0.554563662791367,0.37137564935657,-1.17034500852965,0.0253019438271247,-0.3770508014378,-0.517920005181347,-0.175553651494184,0.473399993643292,-0.1160057902967
0.426029444293477,-1.70946389956311,1.59744670996672,1.28399885780981,0.0513702497078481,-0.924582823903588,-0.287720205060049,-1.55625225210325,-0.965777402858296,-1.47688850438457
0.617393543388754,0.383569390654284,1.1169676888816,-0.635546514374496,0.340783411472808,0.975408008870176,0.693187537636496,1.72405882645856,0.698847033023879,1.2871986887524
0.232832189151482,-0.167691446677097,-1.34887952356733,-0.743546803470181,1.55823571146435,0.246932339852038,0.867695492337659,-0.763536300893,-0.423290318210615,1.44122970738779
2.13273832666012,-0.81470320883729,1.68256859679974,0.202865251824526,-4.10511683346231,0.15061539638841,-0.57195022880249,0.846611567943244,-0.743210312650704,-1.71730093337839
3.5223207385165,-0.554127587746958,-0.376095687030568,0.211660447390455,0.294862345954893,0.942830704381143,0.70047752008155,0.442483443495959,-1.13359674143872,0.545024096392575
-5.00662244794625,-3.81051280137231,0.35689486692744,-0.0168491021458865,-5.67965233111032,-3.61202418016708,-2.417812219841,0.347964693240567,-5.06942875749987,-6.97028458483427
0.549115352664137,-1.47219793831225,0.522742141371551,-1.51158815852551,-0.923003250199093,0.276350139771774,-0.469574523721304,0.998822186566098,-3.05336372344373,-1.59044668298715
-0.523025292605728,-0.852501668859408,0.427540068966291,1.84968444383129,-3.29642942074157,-0.285483374692608,-1.09787631060913,0.173333870402508,-0.643613937024434,-2.19725664842154
-3.53068583133984,-3.12380338341433,0.395867235438084,1.30109762797054,-3.55576047829652,-2.44748020816895,-2.28707730858501,1.25969438524157,-3.37743213609569,-5.02890903117766
-2.23754183637857,-2.72441489096295,0.897665280898618,0.673499270049861,-5.83539556780749,-1.80206307506018,-1.61870842035999,1.13933254313621,-2.98301699202266,-4.47487287246952
1.29254150990017,0.952463913003399,1.8040500034605,0.807472244150929,-0.601532730221797,1.69056972313988,1.52326057783406,-0.534069978270417,-0.308065183398946,0.291563781481885
-1.24079387366194,-2.20556916848203,-2.40712623697339,0.490725671889456,-4.04963245342158,-1.11824272896814,-1.66583147871845,0.462388650168259,-2.42820978955761,-4.23292672577406
-2.19624975433673,-0.480163625639889,-0.524352461053078,-0.100659083186831,-3.70582819459159,-1.70792236079574,-1.20084104537921,0.0248833917093704,-0.658454769676269,-3.10316000190458
-1.90764626402625,-2.46724589052005,-2.67276848719679,-0.958510777922016,-3.50992449375868,-1.32920372683292,-1.24504155032287,-0.586913738822218,-1.440298307732,-2.34782070039618
-1.21126679739566,-3.14674875685004,-0.769487777044975,0.347134804442581,-5.4497804309049,-2.44988749814279,-1.18609582636744,0.515685148798286,-3.00687272199566,-5.67904858952107
-2.430192899313,-1.92486771624325,0.767754830666034,-2.05818749770918,-4.56530218213005,-1.68732479984513,0.136559658078655,3.26306346364128,-1.98542296953905,-4.62749851928859
-1.10435222616231,0.548131666898012,-0.663707033907342,1.00290051049772,3.63877504184632,0.0578160287407951,-0.0201906171311645,1.29752648872637,0.92001004630296,2.92015448460261
-0.895373302052953,-1.40996553385935,-0.382194082030388,0.949633746703946,-0.536348002438073,0.593020229062067,0.161225360547093,2.34158204961272,-1.633714633155,-1.18087692056983
-2.02895392113823,-0.0924768656375448,0.344090457918566,-0.477981357834449,-0.587201015621309,-1.1437747172608,-0.058081965880989,-1.03166386213148,-0.477676523584427,-0.337679310432251
4.62630836426164,3.21181840936774,-0.0908069144453764,-0.582796262477343,6.93514439668333,3.26426625174956,2.11730182173907,-0.331143249648964,3.73647320799905,7.20291156493009
-0.521975079998512,-2.13367487131817,-0.337934318523946,-1.95292275827339,-0.55167593128377,0.641956346913403,-0.69332295366552,0.47829288968371,-2.71472921572904,0.265202336154469
4.32690102644218,0.727639991539668,0.202338247689367,0.260407117866826,1.57223387308944,3.36851481998452,0.931807414398725,1.12357927103851,1.67717550206008,2.46003803860728
0.334441053706254,0.286640102041956,-0.229259155937315,1.12887987497169,0.67343975390861,0.31383275054099,-0.232668902521008,1.1656680994438,0.0517532315846752,0.804009933123316
-1.65512053791943,-0.294093378854294,-0.00429836385258777,-0.244535099368611,-1.02864615031556,-1.31775490858672,-0.171991686941789,-0.439876309991367,-1.19913969781566,-0.827040161639955
0.458113220329113,0.81142935837812,0.0913403203299124,0.552313925906752,1.19109063832523,0.3899176637301,0.54856109740017,-0.085373503026612,0.351669719080053,2.11459572808254
-1.24294705037296,-0.842966834139236,-0.532627012651979,0.253809630604567,-0.578988551334798,-0.109217078788605,-0.651856946758745,0.0904402956751793,-0.290344454380295,-1.51969217811653
-0.66217376784143,1.18828869068984,0.273503889520436,-0.759229866460203,1.8482387796675,0.698843554125031,0.174182779490323,-1.38513361311619,0.516881149230837,3.28733336748097
0.2714800432064,3.17461306623906,0.290766231088573,1.07391551770268,2.84903473481231,0.801284482785977,1.20577941698408,0.547870694881344,2.87641078364782,3.17803575166692
-1.12927831040679,-0.813933128719929,0.80852268253658,0.603041458516078,0.0259113912060922,-0.950106654892751,-0.690498475983152,-0.385825767109301,-1.04847068647245,-0.568564463356118
0.594174660278976,-0.330330039729774,-0.313702554936913,1.62658974079387,-0.347976520503574,0.440952833459867,0.362930326387255,0.126507230981296,0.395512234740817,-0.648607279992619
-1.35610386920848,-0.271069691523848,-0.124788074783267,1.40288163142251,2.07594362401288,0.0674284211193514,-0.723514280017804,1.27057496037511,1.37758169316234,0.188830837834255
2.87542327470624,1.24118775947338,1.12392436397023,-0.391090125129286,2.63623962952309,1.38120689886735,0.706247071856428,0.27668592622208,2.38670398429537,1.59910353316866
-0.20115553935468,0.229381947365992,1.23569255609604,-0.416792665849149,0.112915742098452,0.800545697642009,0.538854328644084,-1.35994380700737,-0.524132484665293,0.831047548778079
-0.0430449327616693,-0.112362205316558,-1.27837430344989,-0.122003416147109,-0.600061031199446,-0.458391620627695,-0.110928434309034,0.969436402552616,0.297701060530515,0.883836662514778
-2.82294750793268,0.0545287516154108,-0.0617750506534874,-1.2122963900688,-0.0367843998546808,-1.84722171763823,0.0126428353485515,0.275222656112997,0.0278091658370499,-0.668002313111481
3.37173022024514,1.04325817397763,-0.456892948483236,0.12309932743715,3.63216453890943,1.30489832853714,1.5806390979674,0.0408502296366336,0.970918092434525,1.83523881686245
2.40796835264856,-0.464090967758858,1.22593083814051,0.909217204878372,1.70913953188751,1.93869662781789,0.349843697428004,-0.380858192112198,-1.77893563619301,2.41417852411818
1.61999853039275,0.523102233037569,-0.546644718535829,1.08402287966023,0.339026796497122,1.76857673779471,1.55645350269651,0.998644022552354,0.281307030740835,1.83102907119939
1.02027574752375,0.748652487317014,0.129532697077136,-0.811663225401259,0.928042548471493,0.661543249489197,0.720105151419573,0.542372301907886,1.22962612845348,0.783412212090083
1.57089682046672,-0.17654866019416,-0.208844797030713,-1.64967241438944,3.24479332822692,1.66823666800545,0.726296878508689,1.24654632880436,-2.18565663607012,1.85011354320188
0.571496824803688,2.56298401378216,-0.181566246141123,1.4164146975844,5.33536205279417,2.91399118700465,1.94572074449412,-1.49552608549749,1.71971537008352,5.66713919142209
-1.56234159340857,-0.336114008985146,-1.21586468800526,-0.290201474702862,-4.30831272107845,-1.7195957365352,-1.36764146214822,-0.0836281805944658,0.0480271742934263,-3.43060420984192
-1.84781636942567,0.627330037302335,-0.292618781196108,0.18375010300219,-1.75039217590376,-1.59078846956724,0.112147358793394,-0.549145157205664,-0.225047625493129,-1.51812839425685
0.111248125449135,1.13709259387346,0.17438683573172,0.693182386520011,1.08767307821826,0.661019739845476,-0.342217047174621,-1.07127656417149,-0.388639674256022,1.65641959404157
2.20429997073993,2.05049723401197,1.90855924032283,0.586419110098989,4.80253495848937,2.69201826565756,1.61874248934229,-2.02640581753591,1.63736251041819,5.05450336187758
0.22632867372422,-0.333775078333097,-1.5564074980684,-0.908504800602859,0.657694980245591,0.40762314542346,-0.110764440778241,0.10366035325983,-0.644664841874464,-0.00506781367853169
0.0717035977966227,0.49830266588919,0.271761210517428,-0.473008261607206,-1.26524643090144,-1.22253128265017,0.660007488159985,0.576839787406453,0.473720036206819,-0.687677634955916
-2.51664563285664,-0.252929661129737,0.46878961665659,-0.348122336023391,-1.51463164197025,-1.51890068257807,-0.917037193318703,0.393429072375176,0.301906157482321,-1.44256098857341
-2.78204983861246,-0.67301531876965,-0.808229115589144,-0.445866570757251,-4.37379922195407,-2.3006891874747,-0.814943444118841,-1.33161581381152,-0.157613525544095,-4.94856820216112
-1.34262021108466,-0.413608138616833,0.148724448657866,-0.4741799984654,-2.77022857314601,-0.801447250461801,-0.516455477107715,-0.486321045905525,-1.72214531796789,-1.43748035715558
-1.28220878279962,0.776636434930074,0.185807482013079,-0.195005608057161,1.96953034826725,0.232286336560018,0.670089860003922,-1.48410302381894,1.46313006019104,0.838049045975313
-1.85056194728396,1.11883127520116,0.370685981188952,0.940417116936415,-1.57726955544735,-0.805889320734948,-1.01035143376441,0.0352248029767771,0.737529767614157,-1.79732938206588
-0.358524086401664,0.982465252434569,0.408730697356825,0.350662475807028,4.16304093935127,1.19772137819722,-0.104028997007669,-0.363480795670965,0.980707056055872,2.79090908862745
-2.86570234106437,-0.511100885977215,-0.791683073887902,1.05464979647869,2.68079782178281,-1.05754953919315,0.265819462915438,0.621128352333434,1.85232419319586,0.449897427381523
-2.23636831563968,-1.16098161430915,0.650798211207369,-0.521675977925354,-2.48957615403668,-1.28334625722218,-1.22290072397651,-0.556402943210956,-1.82779446965322,-3.42887452181394
-0.59092837294488,0.738239940478355,-0.43673435413499,-2.06254184689198,0.320365380962967,0.46982411388593,-0.321417815614616,-0.824164523552277,3.47219268574476,1.37435808447737
-2.28584925471688,-1.62684322327825,-0.0442331448648534,0.174997448836376,-6.77148925364999,-3.6708785262314,-2.02964045500056,1.36275341060755,-3.88667542517801,-4.27369131038803
0.549457201562609,0.0283329971734068,0.333014220296797,2.33702941315525,2.62490326572374,1.44335689244658,1.42800926940219,1.32324519539262,0.691442338483388,2.40796279644363
-0.934995506008658,0.417743349567407,1.41278212356217,0.853065211163058,-2.53358614756473,-1.52973246491896,-0.768047487238287,1.01851313303542,-0.47597908139421,-1.09612252333664
-0.0109129215000969,-0.522727936065282,-0.584925129114324,-0.757436088170834,-4.91849808901431,-1.22133320368716,-1.27618448986076,0.211666479025274,-0.489020546123384,-4.52701852396439
3.13339900731476,2.97089433393272,-0.768147677758241,1.31737952353982,7.30741513272297,3.57085827958479,3.10693980859361,-0.718347779461197,3.26591332954676,7.36525390928958
0.768782417795752,0.0911768174707194,-0.114544221122239,2.54314042651319,-1.41571021448008,-0.655675648498094,-0.260360742087462,0.224951721089893,0.0568028252211911,-0.641489181146406
1.18836174663764,2.07385449174606,1.39012809919463,-0.897490617324292,4.11696399462156,0.534927062715727,0.72998661576988,0.846346672251523,0.710031191876948,4.68570676225083
-0.48653894718044,-0.0886943799112201,0.337109843732648,-0.308673903163615,-2.54204931904855,0.224889873232515,0.4233874183225,0.31009065950683,-0.52148955585699,-1.07684577254098
1.074219960193,0.0769916265968708,0.823630126040983,-0.116486865622123,0.307211052042173,0.948875838505799,0.937963628340865,-0.139359995903904,0.297967812746398,1.40623015843877
0.520009829651422,1.11803228132562,-1.29174673949203,-1.14748144650538,-2.06522515839268,0.244515457251946,0.338947384394745,-1.62624487322602,0.599277425700935,-0.922659156156231
1.72965542507673,0.924447045335436,0.221350145751367,1.30363411781018,2.72524881291383,0.635695066600165,0.907341631115462,0.024692392536963,0.794271917615895,1.97952685274774
0.48605278023143,-0.33307999444643,-0.372164259984924,-0.702523357997799,1.3334941088598,0.76012475732819,0.340447515618446,0.399157725125176,-1.52850229694356,1.64215946014035
0.035084126611739,-0.18941484337914,-0.828400496583953,1.19081227511677,-0.4712677263732,-0.393005661188998,0.328339154357205,-0.101359734667602,-0.140248874292862,-0.356252597053028
0.995725661496197,1.02403229175995,-0.464231959902512,0.315720884753357,3.59023430144983,1.48038983857976,1.47993528604605,-0.227751789203305,0.454838125433849,2.60232287254466
3.29411623348506,2.31650413139965,1.43396545618862,-1.85743269959191,4.41936034470284,2.48523818711317,1.86589877595882,0.783685655507629,3.05481229619796,5.39061318492596
-0.574013757614784,2.89222285655655,-0.0598078999942604,0.978321222401091,4.73564299460486,1.65569333595815,1.4205640173361,1.25842126682782,3.51649704218421,3.29321790233649
1.92269565813107,-0.26980425377083,1.32864896893215,0.736037724027438,2.74982228172503,2.04032503475832,0.336699817369665,-1.23280453644559,-0.91085387298321,2.57558829734029
-0.294630929280126,0.201447371621596,-0.474612701188106,1.12027882142541,0.103826925814541,-0.932765414122809,0.804724520848867,-0.402992331861901,0.386108454378685,-0.602363180151737
-0.0106720713179509,1.08806272160972,0.699930870870721,0.753430870523281,-0.0716924837747135,0.148909334243344,0.876889130703898,-0.1780272928814,0.122573450766695,0.893520911201453
-0.592454997052502,0.687659173251698,-2.67104275107535,-0.0980652414227,0.32203220841278,1.11328274808344,0.596591269437265,0.878178792567965,2.57458912893535,-0.365445043811436
-0.119032427861492,1.99084056284723,0.021318156637689,-0.158719333655575,2.67760606100379,0.105980084162999,0.798121218760615,-0.671413581528496,2.04261200362711,3.14456509823538
-1.08369566587009,-0.489869246207999,-0.131503162450878,-0.756263858210388,-0.900034587782404,-0.470816428065794,0.619516619714135,0.00571668325731068,-2.08013066483988,-1.12197044300059
0.803286295676322,1.20687988687687,-0.62421525184324,0.631305103615039,2.483982638072,1.30945901176127,0.884942971511694,0.996721251824802,0.780363878840719,1.88935139954604
-0.983559474448153,-0.710319768525287,0.182366126434319,0.536523402903858,-2.2909781951568,0.431929925460177,0.266080600112999,0.123823087302599,-1.53063221204581,-2.27579623725259
1.11805743213672,0.0359747061689648,-0.45847736662394,0.0339792013308692,-0.193549792900111,0.406129918934859,-0.176041405095537,-0.109275495948011,0.462940676810797,0.490190048405048
1.99646651496707,0.759901389586568,0.0809958619724103,0.799784251176559,2.26505844647211,0.894417889263685,0.519771778198834,-0.688917075458852,0.98920941306417,1.42288052778204
3.66589794519996,0.397694652727985,-1.15452635219438,1.59952073485687,2.77465744523858,1.28132023387959,0.725653637016725,-0.410827820361826,2.21009172921319,3.20090511828163
-0.529104794220376,-1.00371795837965,0.693489402462068,-0.577700079263594,-2.14117933889065,-0.472659760792746,0.100270385004562,0.0803926809823341,-3.09958332853021,-2.51530848050731
0.701690803592662,0.855575153385542,0.371628696171926,-0.46270815810764,1.15544096967833,0.388491823328976,0.77733545427963,1.84188474387946,3.17875917193541,1.20473143773315
1.3055781139535,-0.405932414227743,-3.65587758049649,-0.546905625081577,-1.4833157387435,0.226096239415577,-0.672072885422573,-0.882923582713171,-1.49241893647189,-1.96043894531332
-1.27998912680436,-0.1006503929684,-0.442932370971429,-0.92362377431235,-0.231403263472596,-0.806335918614176,-1.41727083771545,0.515654542341513,-0.203100836431558,-0.462049827624131
-4.19726547042285,0.970575423801819,1.03998706584972,-1.4846698322471,-1.63010738940233,-2.33260783340716,-0.67174434643168,2.15670962144132,0.0383610172660483,-1.91992430307238
-0.882914760065872,-0.978049598636841,-0.763277553823103,0.798090502207914,-3.54024788659158,-1.76534199929021,0.109053066780161,0.833035498508256,-1.29716711686044,-3.25139412452982
-1.92783221559253,1.33060824123687,0.0159700953406947,0.697873883079084,-1.68488660040846,-1.82793936568438,0.514497292513298,-1.49827582716489,-0.26098309133342,-1.22390676472473
-0.117816572989067,-0.882732071362979,0.0608217349032488,1.98839194497741,-3.95487128251832,0.117068407354106,0.0997580492600237,-0.255662442857453,-1.67818103543151,-1.5131589015175
-2.44460436523039,-1.53515564995544,-1.21808947728794,0.366570445224872,-5.11849887158166,-1.44808962215156,0.300825701967072,-1.59452962140927,-1.99015513008872,-4.05867781078857
-0.592832634965445,-0.471619206499085,-1.50319361079458,-0.375411214332254,-0.960757881364294,-0.980386433962251,-1.20600928459497,-0.775167877343513,-0.304038573144786,-1.25488566447494
1.90216093075948,1.41238287795588,-0.496344877769169,0.810763174886038,4.67374505800385,1.88026446582808,0.907414754944643,1.78186179490644,2.92261103290956,4.48652007162612
1.40996489224864,-0.810990417035076,0.0388546983136019,-1.21311070041597,0.130740117030412,1.62049103938911,-0.748625852822205,-1.15364895525822,-1.36832168447848,0.80281668487888
-1.52511605885817,-1.08858452279316,-1.00738124998501,1.0067182634708,-1.75339084284342,-1.09952343178627,-1.39240750782434,0.199910661020106,-0.279505451809368,-3.33859765955418
2.30349365966131,-0.00408562736248896,1.0395920359074,-0.831279965937993,1.07839116054385,0.743535357924972,-1.10184748866124,1.74822108315186,0.268167089105785,1.48520818472429
2.23623956184403,1.22998383799251,-0.0999332379764147,0.192109463565713,2.59278110896763,2.26036382494388,1.29895805398753,0.562355339640817,1.21924096741075,2.50812627313457
-0.59254232717444,0.138988339350789,-1.71982757159215,-1.30793916189086,-0.903738124432098,0.944215898698201,0.0419697825823981,-1.70227791269498,0.39292571420645,1.43736191545523
0.763181574583535,0.11231811427599,-1.34277557722541,-1.17440786063646,0.11077024762407,-0.533661077158701,-0.570326907362963,1.36675064603761,0.810253595554456,0.884643968807358
-2.28412296617639,-1.21033254713591,-0.37629876373495,-1.06708625213996,0.563330879371755,-1.2168951476551,-1.48984444639949,1.70104664941393,-2.15323465278936,-0.848132133037747
2.20155800011759,3.81453236473893,0.318983852085471,-0.231136954125358,5.14773590273715,2.45909590413623,2.76319341635977,0.626071408887231,4.96604490287003,5.58589290692534
2.09065998915966,-1.01882875250396,0.591282792782003,-0.498548372643411,1.16473793189487,1.38516510878654,0.859077187713224,0.0949122168295014,-2.34150627320045,1.96293278917097
0.960367575268074,-0.33820508208959,0.874354199433671,-0.43318081210895,1.10009927425086,-0.0806886715497837,0.529642700995635,-0.392198266964858,0.754609913989136,-0.129780235125179
1.95929199162481,-1.12511976010599,0.106999988804315,1.77303422960662,0.465885499746952,0.249845904501493,-1.42087458594182,-0.285280723001421,-0.473135634925631,0.520657404742529
-0.605068360551642,-1.08719798031721,0.597737612633965,-0.28490690569492,-2.62591042512451,-2.28736993729581,-1.98039802878054,-1.57710928853854,-2.09589965644991,-2.68484819821647
0.274977943196204,-1.57873965711905,-2.13580178152826,0.392322110540611,-0.775634883679312,-0.0113514176933891,-1.15332104555878,0.331753073135886,-3.32088505312627,-2.14505454355433
2.30833659554454,-1.80600194124236,-0.966838061474233,1.90879054893116,-1.17384257263653,2.08052786659003,0.386120745138291,1.0128581160915,-0.0803956650314952,0.893956356220203
-0.67321918663611,-0.505708036176871,-0.753754704736981,0.95192129246549,-1.37311961339482,-1.5718159127706,-1.65665324183135,-0.530399340464441,0.0528735931047353,-2.07155335019106
1.62072872454182,0.583463406913435,-1.56694438526316,0.523104938966275,1.18229384672959,0.719209171399908,0.596214697648768,0.73022928375915,0.702612649523907,1.29643582014385
1.08264633005508,0.527247370529963,-0.107714394509895,0.555900009570524,-0.612123468815658,0.311129110464232,1.58338590680997,-1.18391696098095,1.99874223782116,-0.956657659787405
0.656319015062712,1.42298379036043,-0.388921748708192,0.974076537140706,3.34998340624385,0.266403753927805,0.786027740045652,-0.667532597843086,3.02870249873553,2.47831281557495
0.192203060521935,1.4236486067383,0.857547040324413,-1.85907515588591,2.22389862017909,1.39958671640108,1.24478510263016,-1.21043514154516,0.704638812656954,1.75871200565139
1.14413009282221,-1.10073886578197,0.219338824494302,-0.375622301105334,-0.297296934399155,0.206437005475502,-1.47441984720771,-0.698051392703817,-0.623724346474023,0.597643668049291
-0.837360196133593,0.147964466223006,-0.656410160073808,-0.652313615997778,1.17451946128933,-1.00091562940161,-0.213165484762597,-0.566839217479658,0.344061082939239,1.35726357154103
0.275695025203428,1.47492737964729,-1.56904012125965,0.359102125707395,-0.303845816263802,-0.758717462452105,0.810427310190811,0.804263633947401,2.31140723394509,0.489334155050736
-3.95674585101002,-1.25694063917495,-2.4972579321764,-0.00585401940427207,-4.02430517406529,-2.55273419420184,-0.753760754579618,0.518527599281374,-0.268487256204795,-4.30989198573923
-1.02622477503015,0.254273820435885,-2.28358720325653,-3.22199420858575,-1.88446941952441,-2.06464264128596,-0.568529841836245,-1.00217084930318,0.295607473853414,-2.68006618706456
-1.0539608884907,-0.31280239025622,0.516023817157718,-0.423008772410209,-0.346577438412028,-0.594916972771969,-0.476901753470919,-1.21821755229032,0.279234830413527,-0.984247475619601
3.46605087173524,1.48956072645637,-1.92658472567903,0.202028654044381,2.47920383943571,0.65777410973683,1.5058845322208,-0.745174329463698,-0.0271446206641619,2.24320789501621
0.813785131029886,0.203728006535701,-1.11629812767569,0.631305887887513,2.42879655273313,0.673225387426558,0.49733539066435,-0.0140487370999906,1.83858760153426,1.25440462635344
1.05199716927608,2.58660741661032,-0.921937416406949,-1.02696298442033,2.01396390815558,0.906634243612524,0.988082970694607,1.25848261350998,1.75611122835696,3.17783900522811
1.64858115851611,-0.776148726549614,0.206816335700724,0.0195904020077297,0.345438157328298,1.13356852165806,-0.446041538483195,0.860469634650576,-1.89605366370182,-0.761640274148096
0.71439560852061,-0.0217478399881426,0.208772512726937,0.328886245839156,3.37498656307875,0.530568739849938,1.60288072053367,-1.82734874802141,0.555929065837587,1.79349308583236
-3.20749159491049,-1.42680050510114,0.63210641225406,-0.852805120449651,-2.58009985690453,-2.4802642307322,-0.896142572913771,-0.415713852021371,-2.61843859022057,-1.86920877020619
-1.08574518104594,-1.46679241812935,0.935101760226318,0.623068042793623,-3.39995771827603,-1.11651351787333,-1.15971600118686,-0.258053254165624,-1.97004614967365,-4.19357412879818
1.74055920749048,-0.000718746614531945,-0.00287673691719613,-1.64080341634158,-0.487518049094305,-1.12771032701565,-0.226873912934141,2.3589198049084,-0.458884965158001,-0.0566521505209108
0.0426791967906253,0.749208745518217,0.356501645778095,1.78372540067272,1.21514711557236,-0.18891469155046,-0.15808103180536,-1.66810981004835,0.666466861021699,0.560313358061768
-1.13690283515786,0.305973977336869,0.478556056300518,-0.258978241988873,-2.78221419139607,-0.905193767103667,1.21685718988909,1.36788648054649,-0.972784493507236,-2.75915543757763
1.04644081244041,0.698011529525513,-1.78905178497227,1.16634432225396,-0.462132871214918,-0.341626821517579,0.163973916094612,-0.169316162839265,-0.377059998274872,0.570438331567995
3.15617719078513,0.559029971866543,-0.276082617202103,1.16430256924837,4.6834671610034,1.89734505448329,1.26667919200259,1.51879852868706,1.97675554834302,3.46549440400139
0.053582242382313,0.404677758242665,0.0656115995878656,0.399249859216289,-1.52826540315261,-0.384801888524269,0.218544977044465,0.160210713092697,-0.265159586551245,-1.00509521451812
-0.86880926767667,2.38714713154923,-0.93044516281002,-1.50024778094667,3.23503811582126,-0.0086694963620797,2.78111755930139,-0.944379498759392,2.77606345321326,3.75725401082424
-1.56539434611284,-2.38824691056067,-0.71691209143937,-1.09376728027748,-3.08596476239485,-1.39330495627588,-0.743827001099387,-2.22349436139046,-2.02005744547789,-3.61880038048755
3.30486812923622,5.13840069227458,1.50758368347512,0.515862806729576,10.0430122790582,3.14559506124481,3.02520464007037,0.0670396723935707,7.25630388810094,9.38507562919062
1.20838725266498,-0.200954465693146,0.814679717523308,-1.61039303523778,-1.03820122446854,0.201595577543011,0.508583061486593,-1.29701168364603,0.109063899278342,-0.271509288468651
-2.71657370759108,-1.35104517440471,0.751032309121328,1.15105295598701,-3.77330213199075,-1.85843810442011,-0.77411307602618,0.31990803117954,-0.962868390564878,-4.05604901880995
1.55100951784794,0.117823351317792,-0.275537001896859,-0.397587251857297,1.81681393885728,2.0888728310977,1.72976690944335,-0.554179351176545,0.892680400176914,2.56204672780792
-4.10340333163431,-1.7878251264281,0.635001557854278,-0.420832916145346,-5.86215014877765,-2.87511897582918,-0.908606983322268,1.29356923009159,-0.742128315188957,-4.86136107182744
-2.16515642687823,-2.23430866310627,1.32854333698303,0.0631879026822375,-2.72171532799487,-1.35802641023577,-2.4527144683881,-1.37126633032323,-4.5111249763245,-3.01237680542383
3.29486298441507,-0.25624349480591,0.588286294465305,-0.270621236965353,2.73424075917677,0.75445514719281,1.04102432559045,1.8103294688387,0.381607284566895,1.38129545651683
-0.766066152995532,-0.915768536034432,-0.917132843519921,2.53425421107877,-0.75318910966508,-0.848183124726889,-0.831181879515406,-0.637060332816232,-1.20172139916505,-0.961452991339975
-2.59952587554832,-1.69077187134629,1.10262257465854,-0.061327343257447,-3.58067395582354,-1.48774087484686,-0.72120845892806,2.23771080982752,-0.360470695394205,-3.45787373394972
1.2696754233733,1.23288676717368,-0.473997079879804,-1.61865092311164,3.70822601577334,1.96503208341104,1.12863171295242,1.4936115239958,-0.251656543270172,3.84284206035521
0.0232129110570591,-0.913967324951179,-0.0868991583343317,0.226469401536819,-2.73919635655264,-1.620677498671,-0.588758298545116,0.580691907255701,-1.44919289329187,-2.92439632060079
-1.28703738463835,1.38877928273771,-0.717772751151873,1.08969971344827,2.42329588404834,-1.08739532688715,-1.2410084829066,-0.235005539115216,3.13394351168017,1.79723010052066
1.36292669024585,0.320362095369795,-1.02621440350125,-0.451532184968844,0.865055441803045,0.215439042330395,1.50694164508888,0.127732289180529,1.04500432792574,-0.0914596021618446
-1.16345401168117,-0.533950461518019,-0.817461312762346,1.31751503227826,-0.952526101134915,-0.336578864460376,-0.881677123826017,-1.97514041514041,-0.504074584184454,-0.256254411990581
-2.73073283727394,-0.633834304437861,-0.297532741481903,-2.52351467164764,-0.910982164197736,-1.69927776787162,-0.344698195551784,0.760512360141608,-0.115833984492616,-2.44018721726398
-1.50098941531291,-3.19109262824301,-0.5634803313036,-2.43531696090669,-4.67370673366017,-1.74896514651883,-1.85560668745393,-0.65074984789309,-2.65090266516222,-4.43543291688447
0.40982102112004,-1.91857911394814,-0.0879514314460915,0.676463630197459,-0.833505943601423,0.38675378960826,-0.433801085385581,0.433140702562676,-1.55430426084472,-1.08138029210546
-2.58906085282481,0.260804437951347,0.454981483248161,-0.962750883995168,-0.169616450660167,-1.41678581343999,-0.526867564153821,-1.1494630437616,-0.317455087347118,-0.201072788075561
-1.52712719050829,-2.39599645656637,-0.499245463452229,-0.86709719266273,-1.26320551867132,-0.815785969945938,-2.28461367134109,-0.914766699665977,-2.57806561324034,-3.31044771441386
0.619829696835167,-0.305634485292098,0.901154181121758,-0.0105147472180478,-1.3361414746476,0.786250843173978,-1.14716472053572,1.0620352750926,-1.07255166377085,-1.34306139481583
1.17570795897287,0.815562426803624,-0.956816146397037,0.147364975474391,0.510760795338218,0.318426704247688,1.11731177735906,-0.42155574041176,2.28861043902695,0.930188152906625
0.381139326900552,-0.879496133093421,-0.297540096651338,-1.2747787592946,0.065867278913159,0.428412824019361,-0.280687153138038,3.35977143459259,-0.453004926995041,0.589466418531359
0.449583052721568,0.440619585663427,1.51806434233134,0.601910263965714,0.173906318185579,-1.10494082904098,-0.795839195076425,0.325660411474552,0.0201592913044131,-0.641024863378615
-0.388868896646808,1.46674905735864,1.1631262187558,0.344734893431304,3.47624709583993,1.458728003432,0.892800704777506,0.473022976904647,0.373102877175752,3.08488756986015
-0.579289470168472,-0.841206242652931,-0.863184217119462,1.24600926187867,-2.50773865289891,-0.745006644932796,-1.29474081385443,0.261472092712407,-1.81738645584314,-2.33752188072986
-0.67477229437482,0.126814201505964,-0.322324765521185,0.962375343393603,0.94651432187592,0.0827431303591023,-0.206118037582012,0.721539535149776,1.23693107011513,0.449883670987203
-0.713706816186454,1.78132582403395,1.34681340962412,0.232775999665152,0.151287819641021,-0.0695576079306364,-0.029479768972335,-0.823317401626485,1.46760427424891,0.769100192060529
-0.926520530776242,-0.330424161682939,1.0374898688116,-0.932649590489432,1.45439741754297,-0.117124225197413,-0.550348876131282,-2.57141073293205,-1.0764918129799,1.0823734199046
-0.493228398637068,-0.711522315987554,-0.180903055176115,-0.781619771549453,0.0600612274873763,0.60331757589069,-0.0827885285324682,0.690353699567595,-0.284676287528629,-0.156436257615345
-3.16374804340887,-0.796736251669326,0.678063921818171,-0.796104793688146,-0.455864013169964,-2.86747154686027,-0.93850772046614,0.790898114902165,-2.42987491635095,-2.11679818380281
0.77746566199573,0.266423639898983,-0.779777948245818,-0.858966999311962,1.98832480455523,1.67184855756168,1.87430435297611,-0.0794524339533472,0.17971476792206,1.30577553951433
-1.2924050253089,-3.68781978863164,0.961450859738286,-0.0525268001935706,-6.59199387507939,-1.184383670773,-1.82927453863944,-0.420094443673123,-3.28002403179905,-5.5301641322258
1.10394957766092,-1.19827028054328,0.679512250682325,-0.514282042901525,0.861842611155135,0.703787717635227,-0.300177761876981,-0.110811826275144,0.0564544302503507,0.448939978689597
0.521315105384507,-0.650083818894503,0.562836710265704,1.00020388856757,-0.04489524425845,0.191078066761446,-0.195167967596514,-0.812810726029341,-2.05111467771942,-0.779866447047672
-0.521261385540538,-1.56499045848659,-1.0458224092367,-0.142644349488083,-2.69024475851917,-1.0560768646822,-1.57999611067565,-0.228399198242174,-2.76673426378457,-2.74062836681609
1.16641344937142,0.0528963943246719,-1.26695644722702,0.128399569539189,2.35510172644303,1.35153084605543,0.478253512909085,-0.593886091935916,0.603535810953208,0.898791132808876
-0.441595303582708,0.419635235851433,0.803470044276713,1.53334679097422,3.0707890219712,0.93139502842593,0.311062367412287,0.605699471798712,2.58385368720197,0.44319549702035
0.651480648503553,-0.000661296242429443,-0.825050950128173,0.802435134391749,2.04837382360263,0.0875521479809068,0.170089638086356,0.0607935051732211,-0.521192713673115,0.621809640521709
1.08183463522018,-1.92050819349026,-0.852981236495054,0.640582617826693,-2.09536191950814,0.60982501684321,-1.23515393890427,1.23767852026255,-3.9523403599665,-2.13488918768598
0.591430459597496,-0.847233692419613,0.0669308117941872,0.851390404287964,0.629205927515389,0.620631856376176,-0.584523377360777,-0.0312284727876505,-1.72885667366569,-0.480728622840687
0.272814343963226,-0.041288175389374,-0.58636079112265,-2.04127888955121,1.13958909000804,-0.132144052893979,0.142186291221619,1.52655875596274,0.871133932999784,1.46502264155464
1.27070195035778,2.314412666718,-0.990250356963797,-2.46618166200906,4.43342891827911,2.36495688156211,1.64747457906681,-2.27949220313353,2.17987100955892,5.00931037593235
-1.01587259146358,1.35522793876295,-1.2739566292468,-0.683477399925424,-2.19695396545014,-2.19329470667004,-0.629778717755916,0.350300503962606,2.95802991911039,-1.61394740353
-2.16923348555789,-0.790745544788404,0.188923746608164,0.667535273151162,-1.71206730192828,-0.872609501208929,0.0267174376849931,0.476067365971712,-1.45982789929663,-1.81044136383188
1.59054975323843,-0.841171861767579,0.981714544637743,-0.41358906436327,-1.12957147549426,1.68047954451711,0.254151216631466,0.216984402066562,-0.213678085435227,-0.580903572670906
-1.67526947308237,1.47931996368911,-0.413402572272617,1.62908728939357,-0.101111662361082,-0.407582874914841,0.371565963996597,-1.31719199023923,0.67209569116772,-0.0592538094509363
-0.875537489894985,0.746123656990127,1.21830548989029,0.571489725276726,1.84895346296977,1.53433253918961,-0.66029093537313,-0.600844581647736,1.93469166337759,1.6730784919553
0.446577651463459,0.294666275939633,0.944463216987306,-0.866716806769252,-1.86471737645505,-1.74345436883547,-0.954746862245355,1.56131634739832,2.50283763624779,-0.898436848906575
-4.33267835324873,-0.712208382390939,-0.140330993169457,1.01756804527785,-3.89322240998396,-3.40747848601397,-1.24843380996242,-1.23541221268616,-1.43927662808391,-3.999980460246
-0.814200657193604,-0.370586483681104,1.28400574776357,-0.910577052563907,-4.08084421532519,-2.13656906079809,-0.88624431742754,-0.960782408726631,-1.18070792915213,-4.06744997450957
-0.295781149692222,1.86278800915953,0.0979299330423298,0.470998547491666,1.03384707439277,-1.6328678040854,-0.91214587967911,-0.692367879139538,1.71359329823927,0.299393674416398
0.859104031477854,0.272101766810325,-0.181101574666323,0.133439158270483,2.07067897060378,1.58986700262901,0.133502682431552,0.562690766992735,0.522863239424701,2.22057726378597
0.763221075189015,1.07381179082013,-0.333682104408068,0.213803153669328,1.29010717722051,1.03526664643954,1.73023679662784,0.421907612829348,-0.0949551434494484,1.98436011092186
2.36057400453166,0.734051652237303,-0.271674329745216,0.602292985928828,4.61236597702967,1.90979099430172,1.58212426336773,1.02831573651547,0.831644087773328,3.94871553332598
-1.16608407475237,-0.868063117493401,-1.06188561415415,0.330467756708058,0.270901341953429,-0.118501611045302,0.126437109664204,1.42082258165496,-1.1103739648758,-1.44719911221063
-2.31707269706784,1.98739385632386,0.231742467873031,-0.429891027022867,3.3486328740783,0.343238835138937,1.02649075529774,-0.111105187076115,2.25324131021187,1.38670741079233
